Timestamp (YYYY-MM-DDThh:mm:ss),Glucose Value (mmol/L)
2025-01-31 10:28:43,5.2
2025-01-31 10:33:43,5.3
2025-01-31 10:38:43,5.4
2025-01-31 10:43:43,5.6
2025-01-31 10:48:43,5.7
2025-01-31 10:53:42,5.9
2025-01-31 10:58:43,5.9
2025-01-31 11:03:43,6.0
2025-01-31 11:08:43,6.0
2025-01-31 11:13:43,6.1
2025-01-31 11:18:43,6.1
2025-01-31 11:23:43,6.3
2025-01-31 11:28:43,6.1
2025-01-31 11:33:43,6.2
2025-01-31 11:38:43,6.2
2025-01-31 11:43:43,6.3
2025-01-31 11:48:43,6.4
2025-01-31 11:53:43,6.4
2025-01-31 11:58:43,6.5
2025-01-31 12:03:43,6.3
2025-01-31 12:08:43,6.9
2025-01-31 12:13:43,6.7
2025-01-31 12:18:43,6.7
2025-01-31 12:23:44,6.8
2025-01-31 12:28:43,7.0
2025-01-31 12:33:43,6.7
2025-01-31 12:38:44,6.8
2025-01-31 12:43:43,6.6
2025-01-31 12:48:43,6.8
2025-01-31 12:53:43,6.8
2025-01-31 12:58:43,6.7
2025-01-31 13:03:43,6.7
2025-01-31 13:08:43,6.5
2025-01-31 13:13:43,6.7
2025-01-31 13:18:43,6.7
2025-01-31 13:23:44,6.6
2025-01-31 13:28:43,6.8
2025-01-31 13:33:44,6.6
2025-01-31 13:38:43,6.6
2025-01-31 13:43:43,6.4
2025-01-31 13:48:43,6.6
2025-01-31 13:53:44,6.7
2025-01-31 13:58:43,6.4
2025-01-31 14:03:44,6.6
2025-01-31 14:08:44,6.6
2025-01-31 14:13:44,6.7
2025-01-31 14:18:43,6.6
2025-01-31 14:23:43,6.7
2025-01-31 14:28:43,6.9
2025-01-31 14:33:43,6.7
2025-01-31 14:38:43,6.7
2025-01-31 14:43:43,6.6
2025-01-31 14:48:44,6.8
2025-01-31 14:53:44,6.6
2025-01-31 14:58:43,6.4
2025-01-31 15:03:43,6.6
2025-01-31 15:08:43,6.7
2025-01-31 15:13:43,6.5
2025-01-31 15:18:44,6.5
2025-01-31 15:23:44,6.6
2025-01-31 15:28:43,6.6
2025-01-31 15:33:44,6.4
2025-01-31 15:38:44,6.5
2025-01-31 15:43:44,6.6
2025-01-31 15:48:43,6.4
2025-01-31 15:53:43,6.5
2025-01-31 15:58:44,6.7
2025-01-31 16:03:44,7.2
2025-01-31 16:08:44,6.7
2025-01-31 16:13:43,7.0
2025-01-31 16:18:43,7.4
2025-01-31 16:23:44,7.1
2025-01-31 16:28:43,6.9
2025-01-31 16:33:44,6.8
2025-01-31 16:38:43,6.7
2025-01-31 16:43:44,6.7
2025-01-31 16:48:43,6.7
2025-01-31 16:53:44,6.4
2025-01-31 16:58:43,6.3
2025-01-31 17:03:44,5.8
2025-01-31 17:08:44,6.5
2025-01-31 17:13:43,6.6
2025-01-31 17:18:43,6.8
2025-01-31 17:23:44,6.5
2025-01-31 17:28:44,6.6
2025-01-31 17:33:43,6.5
2025-01-31 17:38:43,6.4
2025-01-31 17:43:44,6.3
2025-01-31 17:48:44,6.3
2025-01-31 17:53:43,6.0
2025-01-31 17:58:44,6.4
2025-01-31 18:03:43,6.0
2025-01-31 18:08:44,5.9
2025-01-31 18:13:44,6.0
2025-01-31 18:18:44,6.3
2025-01-31 18:23:43,6.4
2025-01-31 18:28:43,6.5
2025-01-31 18:33:44,6.5
2025-01-31 18:38:44,6.7
2025-01-31 18:43:44,6.7
2025-01-31 18:48:44,6.9
2025-01-31 18:53:44,6.6
2025-01-31 18:58:44,6.3
2025-01-31 19:03:43,5.3
2025-01-31 19:08:43,6.0
2025-01-31 19:13:44,5.9
2025-01-31 19:18:44,7.2
2025-01-31 19:23:44,7.4
2025-01-31 19:28:44,7.5
2025-01-31 19:33:44,7.8
2025-01-31 19:38:44,7.3
2025-01-31 19:43:44,7.4
2025-01-31 19:48:44,6.4
2025-01-31 19:53:44,6.5
2025-01-31 19:58:44,7.4
2025-01-31 20:03:43,7.8
2025-01-31 20:08:44,6.1
2025-01-31 20:13:44,5.8
2025-01-31 20:18:44,6.8
2025-01-31 20:23:44,7.8
2025-01-31 20:28:44,8.0
2025-01-31 20:33:44,8.2
2025-01-31 20:38:44,8.8
2025-01-31 20:43:44,8.2
2025-01-31 20:48:44,7.8
2025-01-31 20:53:44,8.1
2025-01-31 20:58:44,9.0
2025-01-31 21:03:43,8.9
2025-01-31 21:08:44,9.0
2025-01-31 21:13:44,9.2
2025-01-31 21:18:44,8.9
2025-01-31 21:23:44,8.8
2025-01-31 21:28:44,8.6
2025-01-31 21:33:44,8.8
2025-01-31 21:38:44,8.4
2025-01-31 21:43:44,8.0
2025-01-31 21:48:44,7.0
2025-01-31 21:53:44,6.7
2025-01-31 21:58:44,6.5
2025-01-31 22:03:44,6.2
2025-01-31 22:08:44,6.6
2025-01-31 22:13:45,6.7
2025-01-31 22:18:44,7.5
2025-01-31 22:23:44,7.8
2025-01-31 22:28:44,7.5
2025-01-31 22:33:44,7.3
2025-01-31 22:38:44,7.0
2025-01-31 22:43:45,7.4
2025-01-31 22:48:44,7.2
2025-01-31 22:53:44,7.1
2025-01-31 22:58:44,7.0
2025-01-31 23:03:44,6.9
2025-01-31 23:08:44,6.9
2025-01-31 23:13:45,7.3
2025-01-31 23:18:44,7.0
2025-01-31 23:23:45,6.8
2025-01-31 23:28:45,6.9
2025-01-31 23:33:44,6.4
2025-01-31 23:38:44,6.6
2025-01-31 23:43:45,6.6
2025-01-31 23:48:44,6.5
2025-01-31 23:53:44,6.4
2025-01-31 23:58:44,6.2
2025-02-01 00:03:44,6.3
2025-02-01 00:08:45,6.4
2025-02-01 00:13:44,6.4
2025-02-01 00:18:44,6.4
2025-02-01 00:23:44,6.4
2025-02-01 00:28:44,6.3
2025-02-01 00:33:44,6.2
2025-02-01 00:38:44,5.8
2025-02-01 00:43:44,5.7
2025-02-01 00:48:44,5.9
2025-02-01 00:53:44,6.0
2025-02-01 00:58:44,6.0
2025-02-01 01:03:45,6.0
2025-02-01 01:08:44,6.0
2025-02-01 01:13:44,6.1
2025-02-01 01:18:44,6.0
2025-02-01 01:23:44,6.0
2025-02-01 01:28:44,6.2
2025-02-01 01:33:44,6.3
2025-02-01 01:38:45,6.4
2025-02-01 01:43:44,6.5
2025-02-01 01:48:45,6.5
2025-02-01 01:53:45,6.7
2025-02-01 01:58:45,6.7
2025-02-01 02:03:44,6.8
2025-02-01 02:08:45,6.4
2025-02-01 02:13:45,6.4
2025-02-01 02:18:44,6.7
2025-02-01 02:23:45,6.5
2025-02-01 02:28:44,6.5
2025-02-01 02:33:45,6.7
2025-02-01 02:38:44,6.8
2025-02-01 02:43:45,7.2
2025-02-01 02:48:44,7.1
2025-02-01 02:53:45,7.0
2025-02-01 02:58:45,6.9
2025-02-01 03:03:45,6.5
2025-02-01 03:08:45,6.7
2025-02-01 03:13:45,6.7
2025-02-01 03:18:45,6.8
2025-02-01 03:23:44,6.7
2025-02-01 03:28:45,6.8
2025-02-01 03:33:45,6.8
2025-02-01 03:38:44,6.9
2025-02-01 03:43:44,6.9
2025-02-01 03:48:45,6.9
2025-02-01 03:53:44,6.9
2025-02-01 03:58:44,6.9
2025-02-01 04:03:45,6.8
2025-02-01 04:08:45,6.8
2025-02-01 04:13:45,7.0
2025-02-01 04:18:45,7.2
2025-02-01 04:23:45,7.2
2025-02-01 04:28:45,7.1
2025-02-01 04:33:45,7.0
2025-02-01 04:38:45,7.0
2025-02-01 04:43:44,6.9
2025-02-01 04:48:45,6.8
2025-02-01 04:53:45,6.9
2025-02-01 04:58:45,6.9
2025-02-01 05:03:45,6.9
2025-02-01 05:08:45,6.9
2025-02-01 05:13:45,6.9
2025-02-01 05:18:45,6.9
2025-02-01 05:23:45,6.9
2025-02-01 05:28:45,6.8
2025-02-01 05:33:45,6.8
2025-02-01 05:38:45,6.8
2025-02-01 05:43:45,6.3
2025-02-01 05:48:46,6.2
2025-02-01 05:53:45,6.4
2025-02-01 05:58:45,6.8
2025-02-01 06:03:45,6.6
2025-02-01 06:08:45,6.8
2025-02-01 06:13:45,6.8
2025-02-01 06:18:45,7.0
2025-02-01 06:23:45,7.0
2025-02-01 06:28:45,7.0
2025-02-01 06:33:45,6.9
2025-02-01 06:38:46,7.1
2025-02-01 06:43:45,6.8
2025-02-01 06:48:45,6.9
2025-02-01 06:53:46,6.9
2025-02-01 06:58:45,7.0
2025-02-01 07:03:45,7.0
2025-02-01 07:08:45,6.9
2025-02-01 07:13:45,6.8
2025-02-01 07:18:45,6.7
2025-02-01 07:23:45,7.2
2025-02-01 07:28:45,7.2
2025-02-01 07:33:45,6.9
2025-02-01 07:38:45,7.1
2025-02-01 07:43:45,7.2
2025-02-01 07:48:45,7.5
2025-02-01 07:53:45,7.9
2025-02-01 07:58:45,7.8
2025-02-01 08:03:45,7.9
2025-02-01 08:08:45,8.2
2025-02-01 08:13:45,7.1
2025-02-01 08:18:45,6.8
2025-02-01 08:23:45,7.0
2025-02-01 08:28:45,7.2
2025-02-01 08:33:45,7.2
2025-02-01 08:38:46,7.3
2025-02-01 08:43:46,7.4
2025-02-01 08:48:46,7.5
2025-02-01 08:53:45,7.6
2025-02-01 08:58:46,7.5
2025-02-01 09:03:46,7.5
2025-02-01 09:08:45,7.4
2025-02-01 09:13:45,7.1
2025-02-01 09:18:45,6.9
2025-02-01 09:23:45,7.4
2025-02-01 09:28:45,7.6
2025-02-01 09:33:45,8.3
2025-02-01 09:38:46,8.7
2025-02-01 09:43:46,9.0
2025-02-01 09:48:45,10.3
2025-02-01 09:53:45,10.7
2025-02-01 09:58:46,11.3
2025-02-01 10:03:46,10.4
2025-02-01 10:08:45,9.0
2025-02-01 10:13:45,8.2
2025-02-01 10:18:46,7.4
2025-02-01 10:23:46,7.0
2025-02-01 10:28:45,6.2
2025-02-01 10:33:46,5.7
2025-02-01 10:38:45,5.8
2025-02-01 10:43:45,5.9
2025-02-01 10:48:46,6.1
2025-02-01 10:53:46,6.3
2025-02-01 10:58:45,6.4
2025-02-01 11:03:45,6.6
2025-02-01 11:08:46,6.4
2025-02-01 11:13:46,6.3
2025-02-01 11:18:45,6.8
2025-02-01 11:23:46,6.9
2025-02-01 11:28:46,6.9
2025-02-01 11:33:46,6.9
2025-02-01 11:38:46,6.8
2025-02-01 11:43:46,6.8
2025-02-01 11:48:46,6.5
2025-02-01 11:53:46,6.7
2025-02-01 11:58:46,7.3
2025-02-01 12:03:46,7.2
2025-02-01 12:08:45,6.9
2025-02-01 12:13:46,6.6
2025-02-01 12:18:46,7.0
2025-02-01 12:23:46,7.5
2025-02-01 12:28:46,7.6
2025-02-01 12:33:46,7.5
2025-02-01 12:38:46,7.6
2025-02-01 12:43:46,7.3
2025-02-01 12:48:46,6.5
2025-02-01 12:53:46,6.3
2025-02-01 12:58:46,6.5
2025-02-01 13:03:46,6.4
2025-02-01 13:08:46,6.6
2025-02-01 13:13:46,6.7
2025-02-01 13:18:46,6.9
2025-02-01 13:23:46,7.4
2025-02-01 13:28:46,7.4
2025-02-01 13:33:46,7.4
2025-02-01 13:38:45,7.4
2025-02-01 13:43:46,7.3
2025-02-01 13:48:46,7.3
2025-02-01 13:53:46,7.0
2025-02-01 13:58:46,6.8
2025-02-01 14:03:46,6.3
2025-02-01 14:08:46,6.2
2025-02-01 14:13:46,6.0
2025-02-01 14:18:46,5.9
2025-02-01 14:23:46,5.9
2025-02-01 14:28:46,5.8
2025-02-01 14:33:46,5.9
2025-02-01 14:38:46,5.9
2025-02-01 14:43:46,6.0
2025-02-01 14:48:46,5.9
2025-02-01 14:53:46,5.9
2025-02-01 14:58:46,5.9
2025-02-01 15:03:46,5.9
2025-02-01 15:08:46,5.9
2025-02-01 15:13:47,5.8
2025-02-01 15:18:47,5.7
2025-02-01 15:23:47,5.8
2025-02-01 15:28:46,5.8
2025-02-01 15:33:46,5.8
2025-02-01 15:38:47,5.9
2025-02-01 15:43:46,6.4
2025-02-01 15:48:46,7.4
2025-02-01 15:53:46,7.9
2025-02-01 15:58:46,8.4
2025-02-01 16:03:46,8.5
2025-02-01 16:08:46,8.2
2025-02-01 16:13:46,7.2
2025-02-01 16:18:46,6.9
2025-02-01 16:23:47,6.7
2025-02-01 16:28:46,6.4
2025-02-01 16:33:46,6.3
2025-02-01 16:38:46,6.5
2025-02-01 16:43:47,6.6
2025-02-01 16:48:47,6.8
2025-02-01 16:53:46,6.5
2025-02-01 16:58:47,6.0
2025-02-01 17:03:47,5.9
2025-02-01 17:08:46,7.2
2025-02-01 17:13:47,8.0
2025-02-01 17:18:46,8.2
2025-02-01 17:23:46,8.3
2025-02-01 17:28:46,8.1
2025-02-01 17:33:46,7.9
2025-02-01 17:38:47,7.8
2025-02-01 17:43:46,7.8
2025-02-01 17:48:47,7.9
2025-02-01 17:53:46,7.7
2025-02-01 17:58:46,7.7
2025-02-01 18:03:46,7.7
2025-02-01 18:08:47,7.3
2025-02-01 18:13:47,6.9
2025-02-01 18:18:46,6.9
2025-02-01 18:23:47,7.0
2025-02-01 18:28:47,7.0
2025-02-01 18:33:47,7.1
2025-02-01 18:38:46,6.7
2025-02-01 18:43:46,7.0
2025-02-01 18:48:47,7.8
2025-02-01 18:53:46,7.6
2025-02-01 18:58:46,7.6
2025-02-01 19:03:46,7.3
2025-02-01 19:08:46,6.9
2025-02-01 19:13:46,7.0
2025-02-01 19:18:46,7.0
2025-02-01 19:23:47,7.5
2025-02-01 19:28:47,7.7
2025-02-01 19:33:47,7.8
2025-02-01 19:38:47,7.7
2025-02-01 19:43:46,7.3
2025-02-01 19:48:46,7.0
2025-02-01 19:53:47,7.2
2025-02-01 19:58:46,8.2
2025-02-01 20:03:47,8.4
2025-02-01 20:08:46,8.7
2025-02-01 20:13:47,8.7
2025-02-01 20:18:47,8.3
2025-02-01 20:23:46,7.8
2025-02-01 20:28:47,7.6
2025-02-01 20:33:47,7.5
2025-02-01 20:38:46,7.7
2025-02-01 20:43:47,7.8
2025-02-01 20:48:46,7.9
2025-02-01 20:53:47,8.2
2025-02-01 20:58:47,8.4
2025-02-01 21:03:47,8.3
2025-02-01 21:08:47,7.9
2025-02-01 21:13:46,7.2
2025-02-01 21:18:47,6.9
2025-02-01 21:23:47,6.9
2025-02-01 21:28:47,7.3
2025-02-01 21:33:47,7.3
2025-02-01 21:38:47,7.3
2025-02-01 21:43:47,7.2
2025-02-01 21:48:47,7.0
2025-02-01 21:53:47,7.3
2025-02-01 21:58:47,7.4
2025-02-01 22:03:47,7.3
2025-02-01 22:08:47,7.3
2025-02-01 22:13:47,7.2
2025-02-01 22:18:48,7.2
2025-02-01 22:23:48,7.0
2025-02-01 22:28:48,6.9
2025-02-01 22:33:48,6.8
2025-02-01 22:38:48,6.8
2025-02-01 22:43:48,6.7
2025-02-01 22:48:48,6.9
2025-02-01 22:53:48,6.9
2025-02-01 22:58:48,6.8
2025-02-01 23:03:48,6.9
2025-02-01 23:08:48,6.9
2025-02-01 23:13:48,6.8
2025-02-01 23:18:48,6.7
2025-02-01 23:23:48,6.6
2025-02-01 23:28:48,6.4
2025-02-01 23:33:48,6.4
2025-02-01 23:38:48,6.5
2025-02-01 23:43:48,6.5
2025-02-01 23:48:48,6.4
2025-02-01 23:53:48,6.4
2025-02-01 23:58:48,6.4
2025-02-02 00:03:48,6.3
2025-02-02 00:08:48,6.0
2025-02-02 00:13:48,6.2
2025-02-02 00:18:48,6.1
2025-02-02 00:23:48,6.2
2025-02-02 00:28:48,6.1
2025-02-02 00:33:48,5.9
2025-02-02 00:38:48,6.0
2025-02-02 00:43:48,6.0
2025-02-02 00:48:48,5.8
2025-02-02 00:53:48,5.8
2025-02-02 00:58:48,5.9
2025-02-02 01:03:48,6.0
2025-02-02 01:08:48,6.0
2025-02-02 01:13:48,6.1
2025-02-02 01:18:48,6.0
2025-02-02 01:23:48,5.9
2025-02-02 01:28:48,5.9
2025-02-02 01:33:48,5.9
2025-02-02 01:38:48,5.9
2025-02-02 01:43:48,5.9
2025-02-02 01:48:48,5.9
2025-02-02 01:53:48,5.9
2025-02-02 01:58:48,5.9
2025-02-02 02:03:48,6.0
2025-02-02 02:08:48,6.3
2025-02-02 02:13:48,6.4
2025-02-02 02:18:48,6.0
2025-02-02 02:23:48,5.9
2025-02-02 02:28:48,5.9
2025-02-02 02:33:48,6.4
2025-02-02 02:38:48,6.3
2025-02-02 02:43:48,6.3
2025-02-02 02:48:48,6.4
2025-02-02 02:53:48,6.5
2025-02-02 02:58:48,6.6
2025-02-02 03:03:48,6.5
2025-02-02 03:08:48,6.6
2025-02-02 03:13:48,6.5
2025-02-02 03:18:48,6.6
2025-02-02 03:23:48,6.7
2025-02-02 03:28:48,6.8
2025-02-02 03:33:48,6.8
2025-02-02 03:38:48,7.1
2025-02-02 03:43:48,7.2
2025-02-02 03:48:48,7.1
2025-02-02 03:53:48,7.0
2025-02-02 03:58:48,7.0
2025-02-02 04:03:48,6.9
2025-02-02 04:08:48,6.9
2025-02-02 04:13:48,6.9
2025-02-02 04:18:48,6.8
2025-02-02 04:23:48,6.6
2025-02-02 04:28:48,6.5
2025-02-02 04:33:48,6.7
2025-02-02 04:38:48,6.4
2025-02-02 04:43:48,6.4
2025-02-02 04:48:48,6.5
2025-02-02 04:53:48,6.8
2025-02-02 04:58:48,6.7
2025-02-02 05:03:48,6.6
2025-02-02 05:08:48,6.7
2025-02-02 05:13:48,6.7
2025-02-02 05:18:48,6.6
2025-02-02 05:23:48,6.5
2025-02-02 05:28:48,6.6
2025-02-02 05:33:47,6.4
2025-02-02 05:38:48,6.7
2025-02-02 05:43:48,6.8
2025-02-02 05:48:48,6.8
2025-02-02 05:53:47,6.9
2025-02-02 05:58:48,6.8
2025-02-02 06:03:48,7.2
2025-02-02 06:08:48,7.4
2025-02-02 06:13:48,7.2
2025-02-02 06:18:48,6.8
2025-02-02 06:23:48,6.9
2025-02-02 06:28:48,7.0
2025-02-02 06:33:48,7.1
2025-02-02 06:38:48,6.9
2025-02-02 06:43:48,7.3
2025-02-02 06:48:48,7.4
2025-02-02 06:53:48,7.5
2025-02-02 06:58:48,7.6
2025-02-02 07:03:48,7.9
2025-02-02 07:08:48,7.7
2025-02-02 07:13:48,7.5
2025-02-02 07:18:48,7.7
2025-02-02 07:23:48,7.7
2025-02-02 07:28:48,7.4
2025-02-02 07:33:48,7.3
2025-02-02 07:38:48,7.3
2025-02-02 07:43:48,7.3
2025-02-02 07:48:48,7.4
2025-02-02 07:53:48,6.5
2025-02-02 07:58:48,6.8
2025-02-02 08:03:49,6.8
2025-02-02 08:08:48,6.9
2025-02-02 08:13:48,7.0
2025-02-02 08:18:48,7.3
2025-02-02 08:23:48,7.3
2025-02-02 08:28:48,7.4
2025-02-02 08:33:48,7.2
2025-02-02 08:38:48,7.2
2025-02-02 08:43:48,7.2
2025-02-02 08:48:49,7.2
2025-02-02 08:53:48,7.2
2025-02-02 08:58:48,7.0
2025-02-02 09:03:48,6.8
2025-02-02 09:08:49,6.8
2025-02-02 09:13:49,6.8
2025-02-02 09:18:48,6.9
2025-02-02 09:23:48,6.9
2025-02-02 09:28:48,6.9
2025-02-02 09:33:49,6.9
2025-02-02 09:38:48,6.8
2025-02-02 09:43:48,6.8
2025-02-02 09:48:48,6.8
2025-02-02 09:53:48,6.8
2025-02-02 09:58:48,6.7
2025-02-02 10:03:48,6.7
2025-02-02 10:08:48,6.6
2025-02-02 10:13:49,6.4
2025-02-02 10:18:48,6.5
2025-02-02 10:23:49,6.8
2025-02-02 10:28:49,6.9
2025-02-02 10:33:49,6.7
2025-02-02 10:38:49,6.3
2025-02-02 10:43:49,6.5
2025-02-02 10:48:49,6.7
2025-02-02 10:53:49,6.8
2025-02-02 10:58:48,6.7
2025-02-02 11:03:48,6.6
2025-02-02 11:08:48,6.6
2025-02-02 11:13:49,6.5
2025-02-02 11:18:49,6.5
2025-02-02 11:23:49,6.5
2025-02-02 11:28:48,6.5
2025-02-02 11:33:49,6.4
2025-02-02 11:38:49,6.3
2025-02-02 11:43:48,6.2
2025-02-02 11:48:49,6.2
2025-02-02 11:53:49,6.4
2025-02-02 11:58:48,6.4
2025-02-02 12:03:49,6.4
2025-02-02 12:08:49,6.5
2025-02-02 12:13:48,6.6
2025-02-02 12:18:49,6.8
2025-02-02 12:23:49,7.2
2025-02-02 12:28:49,7.6
2025-02-02 12:33:49,7.8
2025-02-02 12:38:48,7.7
2025-02-02 12:43:48,7.5
2025-02-02 12:48:49,7.2
2025-02-02 12:53:48,6.9
2025-02-02 12:58:49,6.7
2025-02-02 13:03:49,6.6
2025-02-02 13:08:49,6.5
2025-02-02 13:13:49,6.3
2025-02-02 13:18:49,6.3
2025-02-02 13:23:49,6.3
2025-02-02 13:28:49,6.2
2025-02-02 13:33:49,6.3
2025-02-02 13:38:49,6.4
2025-02-02 13:43:49,6.7
2025-02-02 13:48:49,6.8
2025-02-02 13:53:49,7.0
2025-02-02 13:58:49,6.9
2025-02-02 14:03:49,6.9
2025-02-02 14:08:49,6.7
2025-02-02 14:13:49,6.8
2025-02-02 14:18:49,6.9
2025-02-02 14:23:49,7.0
2025-02-02 14:28:49,6.9
2025-02-02 14:33:49,6.8
2025-02-02 14:38:49,6.3
2025-02-02 14:43:49,5.5
2025-02-02 14:48:49,5.1
2025-02-02 14:53:49,4.9
2025-02-02 14:58:50,4.7
2025-02-02 15:03:49,4.4
2025-02-02 15:08:49,5.0
2025-02-02 15:13:49,5.4
2025-02-02 15:18:49,5.6
2025-02-02 15:23:49,5.8
2025-02-02 15:28:50,6.1
2025-02-02 15:33:49,6.4
2025-02-02 15:38:50,6.6
2025-02-02 15:43:49,6.5
2025-02-02 15:48:49,6.5
2025-02-02 15:53:49,6.5
2025-02-02 15:58:49,6.7
2025-02-02 16:03:49,6.8
2025-02-02 16:08:49,6.2
2025-02-02 16:13:49,6.0
2025-02-02 16:18:49,6.4
2025-02-02 16:23:49,6.3
2025-02-02 16:28:49,6.2
2025-02-02 16:33:49,6.7
2025-02-02 16:38:49,6.7
2025-02-02 16:43:50,6.4
2025-02-02 16:48:49,6.4
2025-02-02 16:53:49,6.6
2025-02-02 16:58:49,6.9
2025-02-02 17:03:49,7.3
2025-02-02 17:08:49,7.8
2025-02-02 17:13:50,7.5
2025-02-02 17:18:49,7.4
2025-02-02 17:23:49,6.6
2025-02-02 17:28:49,6.2
2025-02-02 17:33:49,5.8
2025-02-02 17:38:49,6.2
2025-02-02 17:43:50,6.4
2025-02-02 17:48:49,6.8
2025-02-02 17:53:49,7.0
2025-02-02 17:58:49,7.4
2025-02-02 18:03:50,7.4
2025-02-02 18:08:49,7.3
2025-02-02 18:13:50,7.0
2025-02-02 18:18:49,6.9
2025-02-02 18:23:49,6.8
2025-02-02 18:28:49,6.9
2025-02-02 18:33:50,6.5
2025-02-02 18:38:49,6.3
2025-02-02 18:43:50,6.2
2025-02-02 18:48:49,6.2
2025-02-02 18:53:50,6.3
2025-02-02 18:58:49,6.4
2025-02-02 19:03:50,6.7
2025-02-02 19:08:49,7.3
2025-02-02 19:13:50,7.2
2025-02-02 19:18:49,7.0
2025-02-02 19:23:50,6.8
2025-02-02 19:28:50,6.2
2025-02-02 19:33:49,6.3
2025-02-02 19:38:50,6.4
2025-02-02 19:43:50,6.5
2025-02-02 19:48:50,6.0
2025-02-02 19:53:49,5.7
2025-02-02 19:58:50,5.9
2025-02-02 20:03:49,5.9
2025-02-02 20:08:50,6.2
2025-02-02 20:13:49,6.1
2025-02-02 20:18:50,6.6
2025-02-02 20:23:50,6.7
2025-02-02 20:28:50,6.8
2025-02-02 20:33:50,6.9
2025-02-02 20:38:50,6.8
2025-02-02 20:43:49,5.8
2025-02-02 20:48:50,4.6
2025-02-02 20:53:49,5.4
2025-02-02 20:58:50,6.2
2025-02-02 21:03:50,6.4
2025-02-02 21:08:49,7.4
2025-02-02 21:13:50,7.3
2025-02-02 21:18:50,8.0
2025-02-02 21:23:49,9.0
2025-02-02 21:28:49,9.1
2025-02-02 21:33:50,8.8
2025-02-02 21:38:50,8.3
2025-02-02 21:43:50,7.5
2025-02-02 21:48:50,6.9
2025-02-02 21:53:50,6.9
2025-02-02 21:58:50,7.1
2025-02-02 22:03:50,6.9
2025-02-02 22:08:50,6.7
2025-02-02 22:13:50,6.7
2025-02-02 22:18:50,6.5
2025-02-02 22:23:50,6.4
2025-02-02 22:28:50,6.6
2025-02-02 22:33:50,6.4
2025-02-02 22:38:50,6.5
2025-02-02 22:43:50,6.8
2025-02-02 22:48:50,7.0
2025-02-02 22:53:50,7.3
2025-02-02 22:58:50,7.5
2025-02-02 23:03:50,7.7
2025-02-02 23:08:50,7.9
2025-02-02 23:13:50,8.1
2025-02-02 23:18:50,8.8
2025-02-02 23:23:50,8.9
2025-02-02 23:28:50,8.6
2025-02-02 23:33:51,8.8
2025-02-02 23:38:50,9.0
2025-02-02 23:43:50,9.1
2025-02-02 23:48:50,8.6
2025-02-02 23:53:50,9.0
2025-02-02 23:58:51,9.2
2025-02-03 00:03:50,9.6
2025-02-03 00:08:50,9.5
2025-02-03 00:13:50,9.3
2025-02-03 00:18:50,8.7
2025-02-03 00:23:51,8.7
2025-02-03 00:28:50,8.9
2025-02-03 00:33:51,9.1
2025-02-03 00:38:50,9.2
2025-02-03 00:43:50,9.1
2025-02-03 00:48:51,9.0
2025-02-03 00:53:51,9.0
2025-02-03 00:58:50,8.7
2025-02-03 01:03:50,8.3
2025-02-03 01:08:50,8.2
2025-02-03 01:13:50,7.7
2025-02-03 01:18:50,7.4
2025-02-03 01:23:50,7.2
2025-02-03 01:28:50,7.1
2025-02-03 01:33:51,7.0
2025-02-03 01:38:50,7.0
2025-02-03 01:43:51,6.9
2025-02-03 01:48:50,6.8
2025-02-03 01:53:50,6.8
2025-02-03 01:58:50,6.9
2025-02-03 02:03:50,6.8
2025-02-03 02:08:50,6.8
2025-02-03 02:13:50,6.8
2025-02-03 02:18:50,6.7
2025-02-03 02:23:51,6.7
2025-02-03 02:28:50,6.7
2025-02-03 02:33:51,6.5
2025-02-03 02:38:51,6.8
2025-02-03 02:43:51,6.6
2025-02-03 02:48:50,6.6
2025-02-03 02:53:50,6.6
2025-02-03 02:58:50,6.6
2025-02-03 03:03:51,6.5
2025-02-03 03:08:51,6.6
2025-02-03 03:13:51,6.5
2025-02-03 03:18:51,6.5
2025-02-03 03:23:51,6.4
2025-02-03 03:28:50,6.4
2025-02-03 03:33:50,6.3
2025-02-03 03:38:50,6.3
2025-02-03 03:43:50,6.4
2025-02-03 03:48:50,6.4
2025-02-03 03:53:51,6.5
2025-02-03 03:58:51,6.7
2025-02-03 04:03:51,6.5
2025-02-03 04:08:51,6.4
2025-02-03 04:13:50,6.7
2025-02-03 04:18:51,6.7
2025-02-03 04:23:51,6.6
2025-02-03 04:28:51,6.6
2025-02-03 04:33:50,6.4
2025-02-03 04:38:51,6.2
2025-02-03 04:43:51,6.3
2025-02-03 04:48:51,6.3
2025-02-03 04:53:51,6.2
2025-02-03 04:58:51,6.2
2025-02-03 05:03:51,6.2
2025-02-03 05:08:51,6.2
2025-02-03 05:13:51,6.3
2025-02-03 05:18:51,6.6
2025-02-03 05:23:51,6.8
2025-02-03 05:28:51,6.3
2025-02-03 05:33:50,6.3
2025-02-03 05:38:51,6.6
2025-02-03 05:43:51,6.3
2025-02-03 05:48:51,6.2
2025-02-03 05:53:51,6.4
2025-02-03 05:58:51,6.5
2025-02-03 06:03:51,6.5
2025-02-03 06:08:51,6.7
2025-02-03 06:13:51,6.5
2025-02-03 06:18:51,6.7
2025-02-03 06:23:52,6.9
2025-02-03 06:28:52,6.8
2025-02-03 06:33:52,6.9
2025-02-03 06:38:51,6.9
2025-02-03 06:43:51,7.0
2025-02-03 06:48:51,7.0
2025-02-03 06:53:51,7.2
2025-02-03 06:58:51,7.3
2025-02-03 07:03:51,7.4
2025-02-03 07:08:51,7.5
2025-02-03 07:13:52,7.4
2025-02-03 07:18:51,7.3
2025-02-03 07:23:51,7.3
2025-02-03 07:28:51,7.1
2025-02-03 07:33:51,6.6
2025-02-03 07:38:51,6.7
2025-02-03 07:43:51,6.9
2025-02-03 07:48:51,7.0
2025-02-03 07:53:51,6.9
2025-02-03 07:58:51,6.9
2025-02-03 08:03:51,6.8
2025-02-03 08:08:51,6.7
2025-02-03 08:13:51,6.8
2025-02-03 08:18:51,6.8
2025-02-03 08:23:51,6.4
2025-02-03 08:28:51,6.7
2025-02-03 08:33:51,6.8
2025-02-03 08:38:52,6.9
2025-02-03 08:43:51,6.9
2025-02-03 08:48:51,6.8
2025-02-03 08:53:52,7.3
2025-02-03 08:58:52,7.9
2025-02-03 09:03:52,8.3
2025-02-03 09:08:52,8.7
2025-02-03 09:13:52,8.5
2025-02-03 09:18:51,8.2
2025-02-03 09:23:51,7.4
2025-02-03 09:28:51,6.9
2025-02-03 09:33:52,6.5
2025-02-03 09:38:52,5.9
2025-02-03 09:43:51,6.3
2025-02-03 09:48:52,6.4
2025-02-03 09:53:52,6.2
2025-02-03 09:58:52,6.2
2025-02-03 10:03:52,6.2
2025-02-03 10:08:52,6.3
2025-02-03 10:13:52,6.3
2025-02-03 10:18:52,6.4
2025-02-03 10:23:52,6.4
2025-02-03 10:28:52,6.3
2025-02-03 10:33:52,6.3
2025-02-03 10:38:52,6.4
2025-02-03 10:43:52,6.5
2025-02-03 10:48:52,6.4
2025-02-03 10:53:52,6.4
2025-02-03 10:58:51,6.4
2025-02-03 11:03:51,6.3
2025-02-03 11:08:51,6.4
2025-02-03 11:13:51,6.3
2025-02-03 11:18:52,6.3
2025-02-03 11:23:52,6.3
2025-02-03 11:28:52,6.3
2025-02-03 11:33:51,6.3
2025-02-03 11:38:52,6.3
2025-02-03 11:43:51,6.2
2025-02-03 11:48:52,6.2
2025-02-03 11:53:51,6.3
2025-02-03 11:58:52,6.3
2025-02-03 12:03:52,6.3
2025-02-03 12:08:52,6.4
2025-02-03 12:13:52,6.3
2025-02-03 12:18:52,6.3
2025-02-03 12:23:52,6.2
2025-02-03 12:28:52,6.1
2025-02-03 12:33:52,6.2
2025-02-03 12:38:51,6.0
2025-02-03 12:43:52,6.1
2025-02-03 12:48:51,6.2
2025-02-03 12:53:52,6.0
2025-02-03 12:58:52,6.2
2025-02-03 13:03:52,6.2
2025-02-03 13:08:52,6.7
2025-02-03 13:13:51,7.2
2025-02-03 13:18:52,7.7
2025-02-03 13:23:52,7.9
2025-02-03 13:28:52,8.3
2025-02-03 13:33:52,8.3
2025-02-03 13:38:51,8.3
2025-02-03 13:43:52,8.2
2025-02-03 13:48:51,8.2
2025-02-03 13:53:52,8.4
2025-02-03 13:58:52,8.9
2025-02-03 14:03:52,9.3
2025-02-03 14:08:52,9.7
2025-02-03 14:13:52,9.7
2025-02-03 14:18:52,9.4
2025-02-03 14:23:52,9.2
2025-02-03 14:28:52,9.1
2025-02-03 14:33:52,9.3
2025-02-03 14:38:52,9.3
2025-02-03 14:43:52,9.5
2025-02-03 14:48:52,9.9
2025-02-03 14:53:52,9.7
2025-02-03 14:58:52,9.4
2025-02-03 15:03:52,9.2
2025-02-03 15:08:52,8.8
2025-02-03 15:13:52,8.4
2025-02-03 15:18:52,8.3
2025-02-03 15:23:52,7.7
2025-02-03 15:28:52,7.4
2025-02-03 15:33:52,7.0
2025-02-03 15:38:52,6.8
2025-02-03 15:43:52,6.7
2025-02-03 15:48:52,6.4
2025-02-03 15:53:52,6.1
2025-02-03 15:58:53,6.3
2025-02-03 16:03:52,7.1
2025-02-03 16:08:53,8.7
2025-02-03 16:13:52,10.2
2025-02-03 16:18:52,10.9
2025-02-03 16:23:53,11.0
2025-02-03 16:28:52,10.8
2025-02-03 16:33:52,10.4
2025-02-03 16:38:52,9.3
2025-02-03 16:43:52,8.4
2025-02-03 16:48:52,8.0
2025-02-03 16:53:52,7.9
2025-02-03 16:58:52,7.2
2025-02-03 17:03:52,7.5
2025-02-03 17:08:52,7.6
2025-02-03 17:13:53,7.6
2025-02-03 17:18:52,7.2
2025-02-03 17:23:52,5.5
2025-02-03 17:28:52,4.6
2025-02-03 17:33:53,4.8
2025-02-03 17:38:53,5.2
2025-02-03 17:43:53,5.3
2025-02-03 17:48:52,4.9
2025-02-03 17:53:53,4.4
2025-02-03 17:58:52,4.0
2025-02-03 18:03:52,4.1
2025-02-03 18:08:52,4.4
2025-02-03 18:13:53,4.8
2025-02-03 18:18:53,4.9
2025-02-03 18:23:53,5.0
2025-02-03 18:28:52,5.2
2025-02-03 18:33:53,5.1
2025-02-03 18:38:53,5.2
2025-02-03 18:43:52,5.4
2025-02-03 18:48:53,5.5
2025-02-03 18:53:52,5.6
2025-02-03 18:58:53,5.6
2025-02-03 19:03:52,5.8
2025-02-03 19:08:52,6.0
2025-02-03 19:13:52,6.4
2025-02-03 19:18:52,6.8
2025-02-03 19:23:53,7.4
2025-02-03 19:28:52,7.4
2025-02-03 19:33:52,7.4
2025-02-03 19:38:52,6.5
2025-02-03 19:43:52,6.2
2025-02-03 19:48:52,6.8
2025-02-03 19:53:53,6.9
2025-02-03 19:58:52,6.7
2025-02-03 20:03:53,6.8
2025-02-03 20:08:53,6.7
2025-02-03 20:13:52,6.2
2025-02-03 20:18:52,5.9
2025-02-03 20:23:53,5.5
2025-02-03 20:28:53,5.9
2025-02-03 20:33:53,6.2
2025-02-03 20:38:53,6.3
2025-02-03 20:43:53,6.4
2025-02-03 20:48:53,6.0
2025-02-03 20:53:52,6.4
2025-02-03 20:58:52,6.9
2025-02-03 21:03:53,7.2
2025-02-03 21:08:53,7.6
2025-02-03 21:13:53,7.8
2025-02-03 21:18:53,7.7
2025-02-03 21:23:53,7.7
2025-02-03 21:28:53,7.5
2025-02-03 21:33:53,7.7
2025-02-03 21:38:52,7.7
2025-02-03 21:43:53,7.4
2025-02-03 21:48:53,7.0
2025-02-03 21:53:53,7.1
2025-02-03 21:58:53,6.9
2025-02-03 22:03:53,6.8
2025-02-03 22:08:52,6.8
2025-02-03 22:13:53,7.1
2025-02-03 22:18:53,7.8
2025-02-03 22:23:53,8.0
2025-02-03 22:28:53,8.0
2025-02-03 22:33:53,7.8
2025-02-03 22:38:53,7.9
2025-02-03 22:43:53,8.3
2025-02-03 22:48:53,8.0
2025-02-03 22:53:53,7.9
2025-02-03 22:58:53,7.9
2025-02-03 23:03:53,7.8
2025-02-03 23:08:54,6.9
2025-02-03 23:13:53,6.5
2025-02-03 23:18:53,6.7
2025-02-03 23:23:53,6.9
2025-02-03 23:28:53,7.4
2025-02-03 23:33:53,6.8
2025-02-03 23:38:54,6.4
2025-02-03 23:43:53,6.3
2025-02-03 23:48:54,6.4
2025-02-03 23:53:53,6.5
2025-02-03 23:58:53,6.6
2025-02-04 00:03:53,6.9
2025-02-04 00:08:53,7.0
2025-02-04 00:13:53,7.2
2025-02-04 00:18:54,7.4
2025-02-04 00:23:54,7.5
2025-02-04 00:28:53,7.7
2025-02-04 00:33:53,7.8
2025-02-04 00:38:53,7.8
2025-02-04 00:43:54,8.1
2025-02-04 00:48:54,8.2
2025-02-04 00:53:53,8.2
2025-02-04 00:58:53,8.3
2025-02-04 01:03:54,8.4
2025-02-04 01:08:54,8.2
2025-02-04 01:13:53,7.9
2025-02-04 01:18:53,7.8
2025-02-04 01:23:53,7.7
2025-02-04 01:28:53,7.7
2025-02-04 01:33:53,7.7
2025-02-04 01:38:53,7.7
2025-02-04 01:43:53,7.8
2025-02-04 01:48:54,8.0
2025-02-04 01:53:54,8.3
2025-02-04 01:58:54,8.5
2025-02-04 02:03:53,8.4
2025-02-04 02:08:54,8.2
2025-02-04 02:13:54,7.9
2025-02-04 02:18:53,7.5
2025-02-04 02:23:54,7.1
2025-02-04 02:28:53,6.8
2025-02-04 02:33:53,6.7
2025-02-04 02:38:54,6.7
2025-02-04 02:43:54,6.5
2025-02-04 02:48:54,6.7
2025-02-04 02:53:54,6.7
2025-02-04 02:58:54,6.7
2025-02-04 03:03:53,6.8
2025-02-04 03:08:54,6.8
2025-02-04 03:13:54,6.9
2025-02-04 03:18:54,7.0
2025-02-04 03:23:54,7.0
2025-02-04 03:28:54,6.9
2025-02-04 03:33:54,7.0
2025-02-04 03:38:54,7.2
2025-02-04 03:43:54,7.2
2025-02-04 03:48:54,7.2
2025-02-04 03:53:54,7.0
2025-02-04 03:58:54,6.8
2025-02-04 04:03:54,6.8
2025-02-04 04:08:54,6.8
2025-02-04 04:13:54,6.7
2025-02-04 04:18:54,6.7
2025-02-04 04:23:54,6.6
2025-02-04 04:28:54,6.7
2025-02-04 04:33:54,6.7
2025-02-04 04:38:54,6.6
2025-02-04 04:43:54,6.7
2025-02-04 04:48:54,6.7
2025-02-04 04:53:54,7.0
2025-02-04 04:58:54,6.9
2025-02-04 05:03:54,6.5
2025-02-04 05:08:54,6.7
2025-02-04 05:13:54,6.8
2025-02-04 05:18:54,6.8
2025-02-04 05:23:54,6.7
2025-02-04 05:28:54,6.9
2025-02-04 05:33:55,7.1
2025-02-04 05:38:54,7.1
2025-02-04 05:43:54,7.1
2025-02-04 05:48:54,6.9
2025-02-04 05:53:54,6.9
2025-02-04 05:58:54,6.6
2025-02-04 06:03:54,6.5
2025-02-04 06:08:54,6.5
2025-02-04 06:13:54,6.5
2025-02-04 06:18:54,6.6
2025-02-04 06:23:54,7.0
2025-02-04 06:28:54,7.5
2025-02-04 06:33:54,6.5
2025-02-04 06:38:54,6.7
2025-02-04 06:43:54,6.8
2025-02-04 06:48:55,6.8
2025-02-04 06:53:55,6.9
2025-02-04 06:58:54,7.0
2025-02-04 07:03:54,7.2
2025-02-04 07:08:54,7.3
2025-02-04 07:13:54,7.5
2025-02-04 07:18:54,7.6
2025-02-04 07:23:55,7.5
2025-02-04 07:28:55,6.9
2025-02-04 07:33:54,6.8
2025-02-04 07:38:54,6.9
2025-02-04 07:43:55,6.9
2025-02-04 07:48:54,6.8
2025-02-04 07:53:55,6.8
2025-02-04 07:58:55,7.0
2025-02-04 08:03:54,6.9
2025-02-04 08:08:54,6.8
2025-02-04 08:13:54,6.9
2025-02-04 08:18:55,7.1
2025-02-04 08:23:55,7.1
2025-02-04 08:28:54,7.0
2025-02-04 08:33:54,6.9
2025-02-04 08:38:55,6.9
2025-02-04 08:43:54,6.8
2025-02-04 08:48:54,6.6
2025-02-04 08:53:54,6.6
2025-02-04 08:58:54,6.5
2025-02-04 09:03:54,6.4
2025-02-04 09:08:54,6.5
2025-02-04 09:13:55,6.7
2025-02-04 09:18:55,6.8
2025-02-04 09:23:55,6.7
2025-02-04 09:28:55,6.7
2025-02-04 09:33:55,6.6
2025-02-04 09:38:54,6.7
2025-02-04 09:43:55,6.8
2025-02-04 09:48:54,7.0
2025-02-04 09:53:55,7.0
2025-02-04 09:58:54,7.2
2025-02-04 10:03:55,7.3
2025-02-04 10:08:55,7.2
2025-02-04 10:13:54,7.2
2025-02-04 10:18:55,7.1
2025-02-04 10:23:54,7.0
2025-02-04 10:28:54,6.9
2025-02-04 10:33:54,6.7
2025-02-04 10:38:55,6.5
2025-02-04 10:43:54,6.4
2025-02-04 10:48:54,6.3
2025-02-04 10:53:54,6.2
2025-02-04 10:58:54,6.1
2025-02-04 11:03:55,6.0
2025-02-04 11:08:55,5.9
2025-02-04 11:13:55,6.0
2025-02-04 11:18:55,6.1
2025-02-04 11:23:55,6.1
2025-02-04 11:28:55,6.2
2025-02-04 11:33:55,6.1
2025-02-04 11:38:55,6.0
2025-02-04 11:43:54,6.0
2025-02-04 11:48:55,6.0
2025-02-04 11:53:55,6.0
2025-02-04 11:58:55,6.1
2025-02-04 12:03:55,6.1
2025-02-04 12:08:55,6.0
2025-02-04 12:13:55,6.2
2025-02-04 12:18:55,6.1
2025-02-04 12:23:55,6.2
2025-02-04 12:28:54,6.1
2025-02-04 12:33:55,6.0
2025-02-04 12:38:55,6.0
2025-02-04 12:43:55,6.0
2025-02-04 12:48:55,5.9
2025-02-04 12:53:55,5.8
2025-02-04 12:58:55,5.8
2025-02-04 13:03:55,5.9
2025-02-04 13:08:55,5.8
2025-02-04 13:13:55,5.9
2025-02-04 13:18:55,5.8
2025-02-04 13:23:55,5.8
2025-02-04 13:28:55,6.0
2025-02-04 13:33:55,6.8
2025-02-04 13:38:55,7.2
2025-02-04 13:43:55,7.0
2025-02-04 13:48:55,6.7
2025-02-04 13:53:55,5.9
2025-02-04 13:58:56,5.8
2025-02-04 14:03:56,6.3
2025-02-04 14:08:55,6.8
2025-02-04 14:13:55,7.3
2025-02-04 14:18:55,7.5
2025-02-04 14:23:55,7.7
2025-02-04 14:28:55,7.9
2025-02-04 14:33:55,7.8
2025-02-04 14:38:55,7.6
2025-02-04 14:43:55,7.4
2025-02-04 14:48:55,6.8
2025-02-04 14:53:55,6.3
2025-02-04 14:58:55,6.2
2025-02-04 15:03:55,6.2
2025-02-04 15:08:55,6.3
2025-02-04 15:13:56,6.5
2025-02-04 15:18:55,6.8
2025-02-04 15:23:55,7.2
2025-02-04 15:28:56,7.6
2025-02-04 15:33:55,8.1
2025-02-04 15:38:55,8.2
2025-02-04 15:43:55,8.2
2025-02-04 15:48:55,8.2
2025-02-04 15:53:55,8.2
2025-02-04 15:58:55,7.9
2025-02-04 16:03:56,7.4
2025-02-04 16:08:56,7.3
2025-02-04 16:13:56,7.2
2025-02-04 16:18:55,7.3
2025-02-04 16:23:56,7.7
2025-02-04 16:28:55,7.8
2025-02-04 16:33:55,8.0
2025-02-04 16:38:55,8.1
2025-02-04 16:43:56,8.0
2025-02-04 16:48:55,7.9
2025-02-04 16:53:55,8.2
2025-02-04 16:58:55,8.0
2025-02-04 17:03:55,8.0
2025-02-04 17:08:55,7.9
2025-02-04 17:13:55,7.3
2025-02-04 17:18:55,6.0
2025-02-04 17:23:55,4.7
2025-02-04 17:28:55,4.7
2025-02-04 17:33:56,5.3
2025-02-04 17:38:55,5.9
2025-02-04 17:43:56,6.6
2025-02-04 17:48:56,7.1
2025-02-04 17:53:56,7.3
2025-02-04 17:58:56,7.5
2025-02-04 18:03:55,7.5
2025-02-04 18:08:55,7.2
2025-02-04 18:13:56,6.8
2025-02-04 18:18:56,6.2
2025-02-04 18:23:55,5.8
2025-02-04 18:28:56,5.6
2025-02-04 18:33:56,5.8
2025-02-04 18:38:56,6.2
2025-02-04 18:43:56,6.5
2025-02-04 18:48:55,6.7
2025-02-04 18:53:56,6.6
2025-02-04 18:58:55,6.8
2025-02-04 19:03:55,7.3
2025-02-04 19:08:56,7.7
2025-02-04 19:13:56,6.8
2025-02-04 19:18:56,6.8
2025-02-04 19:23:56,6.3
2025-02-04 19:28:56,5.7
2025-02-04 19:33:56,5.5
2025-02-04 19:38:56,5.8
2025-02-04 19:43:56,6.3
2025-02-04 19:48:56,6.7
2025-02-04 19:53:56,6.7
2025-02-04 19:58:56,7.4
2025-02-04 20:03:56,6.9
2025-02-04 20:08:56,6.7
2025-02-04 20:13:56,6.9
2025-02-04 20:18:56,7.2
2025-02-04 20:23:56,6.4
2025-02-04 20:28:56,6.0
2025-02-04 20:33:56,5.7
2025-02-04 20:38:56,5.8
2025-02-04 20:43:56,5.9
2025-02-04 20:48:56,6.2
2025-02-04 20:53:56,6.7
2025-02-04 20:58:56,7.0
2025-02-04 21:03:56,7.2
2025-02-04 21:08:55,7.3
2025-02-04 21:13:56,7.4
2025-02-04 21:18:56,7.2
2025-02-04 21:23:56,7.4
2025-02-04 21:28:56,7.5
2025-02-04 21:33:56,7.2
2025-02-04 21:38:56,6.4
2025-02-04 21:43:56,4.4
2025-02-04 21:48:56,4.6
2025-02-04 21:53:56,5.1
2025-02-04 21:58:56,5.8
2025-02-04 22:03:56,6.2
2025-02-04 22:08:56,6.2
2025-02-04 22:13:56,6.6
2025-02-04 22:18:56,7.0
2025-02-04 22:23:56,7.4
2025-02-04 22:28:57,7.3
2025-02-04 22:33:57,7.4
2025-02-04 22:38:56,7.0
2025-02-04 22:43:56,6.8
2025-02-04 22:48:56,6.2
2025-02-04 22:53:56,5.9
2025-02-04 22:58:56,6.0
2025-02-04 23:03:56,6.2
2025-02-04 23:08:56,6.3
2025-02-04 23:13:56,6.5
2025-02-04 23:18:56,6.5
2025-02-04 23:23:56,6.6
2025-02-04 23:28:57,6.7
2025-02-04 23:33:56,6.8
2025-02-04 23:38:56,6.7
2025-02-04 23:43:57,6.7
2025-02-04 23:48:57,6.4
2025-02-04 23:53:56,6.3
2025-02-04 23:58:56,6.4
2025-02-05 00:03:57,6.5
2025-02-05 00:08:57,6.7
2025-02-05 00:13:56,6.4
2025-02-05 00:18:56,6.8
2025-02-05 00:23:56,6.9
2025-02-05 00:28:56,6.5
2025-02-05 00:33:57,6.4
2025-02-05 00:38:56,6.8
2025-02-05 00:43:56,6.7
2025-02-05 00:48:57,6.7
2025-02-05 00:53:57,6.6
2025-02-05 00:58:57,6.6
2025-02-05 01:03:56,6.6
2025-02-05 01:08:56,6.5
2025-02-05 01:13:57,6.5
2025-02-05 01:18:57,6.6
2025-02-05 01:23:56,6.7
2025-02-05 01:28:56,6.7
2025-02-05 01:33:56,6.4
2025-02-05 01:38:57,6.3
2025-02-05 01:43:57,6.3
2025-02-05 01:48:56,6.3
2025-02-05 01:53:57,6.3
2025-02-05 01:58:57,6.3
2025-02-05 02:03:57,6.4
2025-02-05 02:08:57,6.4
2025-02-05 02:13:56,6.2
2025-02-05 02:18:56,6.3
2025-02-05 02:23:57,6.3
2025-02-05 02:28:57,6.3
2025-02-05 02:33:57,6.4
2025-02-05 02:38:57,6.4
2025-02-05 02:43:57,6.5
2025-02-05 02:48:57,6.2
2025-02-05 02:53:57,6.3
2025-02-05 02:58:57,6.3
2025-02-05 03:03:56,6.3
2025-02-05 03:08:56,6.3
2025-02-05 03:13:57,6.3
2025-02-05 03:18:57,6.3
2025-02-05 03:23:57,6.3
2025-02-05 03:28:57,6.3
2025-02-05 03:33:56,6.3
2025-02-05 03:38:57,6.3
2025-02-05 03:43:57,6.4
2025-02-05 03:48:57,6.4
2025-02-05 03:53:57,6.4
2025-02-05 03:58:57,6.3
2025-02-05 04:03:57,6.4
2025-02-05 04:08:57,6.4
2025-02-05 04:13:57,6.4
2025-02-05 04:18:57,6.5
2025-02-05 04:23:57,6.4
2025-02-05 04:28:56,6.4
2025-02-05 04:33:57,6.3
2025-02-05 04:38:57,6.5
2025-02-05 04:43:57,6.4
2025-02-05 04:48:57,6.3
2025-02-05 04:53:57,6.3
2025-02-05 04:58:57,6.4
2025-02-05 05:03:57,6.6
2025-02-05 05:08:57,6.6
2025-02-05 05:13:57,6.7
2025-02-05 05:18:57,6.7
2025-02-05 05:23:57,6.7
2025-02-05 05:28:57,6.7
2025-02-05 05:33:58,6.7
2025-02-05 05:38:57,6.6
2025-02-05 05:43:57,6.9
2025-02-05 05:48:57,6.6
2025-02-05 05:53:58,6.5
2025-02-05 05:58:58,6.7
2025-02-05 06:03:58,6.8
2025-02-05 06:08:57,6.8
2025-02-05 06:13:57,6.8
2025-02-05 06:18:57,6.8
2025-02-05 06:23:57,6.8
2025-02-05 06:28:57,6.2
2025-02-05 06:33:57,6.8
2025-02-05 06:38:57,7.0
2025-02-05 06:43:57,6.8
2025-02-05 06:48:57,6.9
2025-02-05 06:53:57,6.5
2025-02-05 06:58:57,6.4
2025-02-05 07:03:57,6.5
2025-02-05 07:08:57,6.4
2025-02-05 07:13:58,6.5
2025-02-05 07:18:58,6.6
2025-02-05 07:23:58,6.7
2025-02-05 07:28:57,6.8
2025-02-05 07:33:57,6.8
2025-02-05 07:38:57,6.9
2025-02-05 07:43:57,6.9
2025-02-05 07:48:58,7.0
2025-02-05 07:53:57,7.2
2025-02-05 07:58:57,6.9
2025-02-05 08:03:58,6.9
2025-02-05 08:08:57,7.0
2025-02-05 08:13:57,7.1
2025-02-05 08:18:58,6.9
2025-02-05 08:23:57,6.9
2025-02-05 08:28:57,6.5
2025-02-05 08:33:57,6.6
2025-02-05 08:38:57,6.9
2025-02-05 08:43:57,6.9
2025-02-05 08:48:58,6.9
2025-02-05 08:53:58,6.9
2025-02-05 08:58:57,5.9
2025-02-05 09:03:58,6.3
2025-02-05 09:08:58,6.3
2025-02-05 09:13:57,6.4
2025-02-05 09:18:58,6.2
2025-02-05 09:23:57,6.4
2025-02-05 09:28:57,6.7
2025-02-05 09:33:58,6.7
2025-02-05 09:38:58,6.6
2025-02-05 09:43:58,6.6
2025-02-05 09:48:58,6.5
2025-02-05 09:53:58,6.5
2025-02-05 09:58:58,6.5
2025-02-05 10:03:58,6.6
2025-02-05 10:08:57,6.6
2025-02-05 10:13:58,6.8
2025-02-05 10:18:57,6.9
2025-02-05 10:23:58,7.0
2025-02-05 10:28:58,7.0
2025-02-05 10:33:58,6.9
2025-02-05 10:38:58,6.8
2025-02-05 10:43:58,6.7
2025-02-05 10:48:57,6.5
2025-02-05 10:53:57,6.5
2025-02-05 10:58:58,6.4
2025-02-05 11:03:58,6.4
2025-02-05 11:08:58,6.3
2025-02-05 11:13:58,6.2
2025-02-05 11:18:58,6.2
2025-02-05 11:23:58,6.1
2025-02-05 11:28:58,6.2
2025-02-05 11:33:58,6.2
2025-02-05 11:38:57,6.2
2025-02-05 11:43:58,6.2
2025-02-05 11:48:57,6.0
2025-02-05 11:53:58,6.1
2025-02-05 11:58:58,6.0
2025-02-05 12:03:58,5.9
2025-02-05 12:08:58,5.8
2025-02-05 12:13:58,5.7
2025-02-05 12:18:58,5.7
2025-02-05 12:23:58,5.5
2025-02-05 12:28:58,6.0
2025-02-05 12:33:58,6.2
2025-02-05 12:38:58,6.0
2025-02-05 12:43:58,6.0
2025-02-05 12:48:58,6.3
2025-02-05 12:53:58,6.5
2025-02-05 12:58:58,6.6
2025-02-05 13:03:58,6.6
2025-02-05 13:08:58,6.7
2025-02-05 13:13:58,6.6
2025-02-05 13:18:58,6.6
2025-02-05 13:23:58,6.5
2025-02-05 13:28:58,6.4
2025-02-05 13:33:58,6.3
2025-02-05 13:38:58,6.2
2025-02-05 13:43:58,6.2
2025-02-05 13:48:58,6.2
2025-02-05 13:53:58,6.3
2025-02-05 13:58:58,6.6
2025-02-05 14:03:58,6.5
2025-02-05 14:08:58,6.7
2025-02-05 14:13:58,6.8
2025-02-05 14:18:58,6.8
2025-02-05 14:23:58,6.8
2025-02-05 14:28:58,6.9
2025-02-05 14:33:58,6.9
2025-02-05 14:38:58,6.8
2025-02-05 14:43:59,6.7
2025-02-05 14:48:58,6.6
2025-02-05 14:53:58,6.5
2025-02-05 14:58:58,6.4
2025-02-05 15:03:59,6.2
2025-02-05 15:08:58,5.9
2025-02-05 15:13:59,5.8
2025-02-05 15:18:58,5.8
2025-02-05 15:23:59,5.9
2025-02-05 15:28:59,6.0
2025-02-05 15:33:59,6.0
2025-02-05 15:38:58,6.0
2025-02-05 15:43:58,6.0
2025-02-05 15:48:59,5.9
2025-02-05 15:53:59,5.9
2025-02-05 15:58:59,6.0
2025-02-05 16:03:59,5.9
2025-02-05 16:08:58,6.1
2025-02-05 16:13:58,5.9
2025-02-05 16:18:58,5.9
2025-02-05 16:23:58,5.7
2025-02-05 16:28:58,5.8
2025-02-05 16:33:58,5.7
2025-02-05 16:38:58,5.7
2025-02-05 16:43:59,5.9
2025-02-05 16:48:59,6.2
2025-02-05 16:53:58,6.4
2025-02-05 16:58:58,6.9
2025-02-05 17:03:59,7.1
2025-02-05 17:08:58,7.1
2025-02-05 17:13:58,7.0
2025-02-05 17:18:58,6.5
2025-02-05 17:23:59,5.9
2025-02-05 17:28:59,5.5
2025-02-05 17:33:59,5.7
2025-02-05 17:38:59,5.6
2025-02-05 17:43:58,5.7
2025-02-05 17:48:58,5.7
2025-02-05 17:53:59,5.9
2025-02-05 17:58:59,6.0
2025-02-05 18:03:59,6.0
2025-02-05 18:08:59,6.0
2025-02-05 18:13:59,5.9
2025-02-05 18:18:59,5.6
2025-02-05 18:23:59,5.8
2025-02-05 18:28:59,5.8
2025-02-05 18:33:58,6.1
2025-02-05 18:38:58,6.7
2025-02-05 18:43:58,7.2
2025-02-05 18:48:59,7.4
2025-02-05 18:53:58,7.3
2025-02-05 18:58:59,7.3
2025-02-05 19:03:59,7.4
2025-02-05 19:08:59,7.0
2025-02-05 19:13:59,6.8
2025-02-05 19:18:59,6.5
2025-02-05 19:23:59,6.5
2025-02-05 19:28:59,6.7
2025-02-05 19:33:59,6.9
2025-02-05 19:38:59,7.0
2025-02-05 19:43:58,6.8
2025-02-05 19:48:59,6.4
2025-02-05 19:53:59,6.2
2025-02-05 19:58:59,6.1
2025-02-05 20:03:59,5.9
2025-02-05 20:08:59,5.8
2025-02-05 20:13:59,5.8
2025-02-05 20:18:59,5.9
2025-02-05 20:23:59,6.2
2025-02-05 20:28:59,6.2
2025-02-05 20:33:59,6.2
2025-02-05 20:38:59,6.0
2025-02-05 20:43:59,6.0
2025-02-05 20:48:59,6.0
2025-02-05 20:53:59,5.8
2025-02-05 20:58:59,5.6
2025-02-05 21:03:59,5.5
2025-02-05 21:08:59,5.5
2025-02-05 21:14:00,5.4
2025-02-05 21:19:00,5.7
2025-02-05 21:23:59,5.5
2025-02-05 21:29:00,5.8
2025-02-05 21:33:59,6.0
2025-02-05 21:38:59,6.2
2025-02-05 21:43:59,6.4
2025-02-05 21:49:00,6.7
2025-02-05 21:53:59,6.9
2025-02-05 21:58:59,6.7
2025-02-05 22:04:00,6.5
2025-02-05 22:08:59,6.3
2025-02-05 22:13:59,5.9
2025-02-05 22:19:00,6.0
2025-02-05 22:23:59,5.6
2025-02-05 22:29:00,5.5
2025-02-05 22:34:00,5.6
2025-02-05 22:38:59,5.9
2025-02-05 22:43:59,6.2
2025-02-05 22:48:59,6.4
2025-02-05 22:54:00,6.4
2025-02-05 22:58:59,6.5
2025-02-05 23:03:59,7.0
2025-02-05 23:08:59,7.3
2025-02-05 23:13:59,7.2
2025-02-05 23:18:59,7.4
2025-02-05 23:23:59,7.6
2025-02-05 23:28:59,7.8
2025-02-05 23:33:59,8.0
2025-02-05 23:38:59,8.2
2025-02-05 23:43:59,8.5
2025-02-05 23:49:00,8.3
2025-02-05 23:54:00,8.4
2025-02-05 23:59:00,8.7
2025-02-06 00:04:00,8.9
2025-02-06 00:09:00,9.3
2025-02-06 00:13:59,9.3
2025-02-06 00:18:59,8.8
2025-02-06 00:23:59,8.7
2025-02-06 00:29:00,8.8
2025-02-06 00:34:00,8.3
2025-02-06 00:39:00,8.1
2025-02-06 00:43:59,7.9
2025-02-06 00:49:00,7.8
2025-02-06 00:54:00,8.4
2025-02-06 00:59:00,8.4
2025-02-06 01:03:59,8.5
2025-02-06 01:09:00,8.8
2025-02-06 01:14:00,8.8
2025-02-06 01:18:59,8.8
2025-02-06 01:24:00,8.4
2025-02-06 01:28:59,8.5
2025-02-06 01:34:00,8.6
2025-02-06 01:39:00,8.5
2025-02-06 01:43:59,8.5
2025-02-06 01:49:00,8.4
2025-02-06 01:54:00,8.5
2025-02-06 01:58:59,8.4
2025-02-06 02:04:00,8.5
2025-02-06 02:08:59,8.6
2025-02-06 02:14:00,8.8
2025-02-06 02:18:59,8.9
2025-02-06 02:24:00,8.9
2025-02-06 02:29:00,8.7
2025-02-06 02:34:00,8.2
2025-02-06 02:39:00,7.5
2025-02-06 02:44:00,7.3
2025-02-06 02:49:00,7.1
2025-02-06 02:54:00,6.9
2025-02-06 02:59:00,6.9
2025-02-06 03:04:00,6.9
2025-02-06 03:09:00,6.8
2025-02-06 03:14:00,6.9
2025-02-06 03:19:00,6.8
2025-02-06 03:24:00,6.7
2025-02-06 03:29:00,6.8
2025-02-06 03:34:00,6.7
2025-02-06 03:39:00,6.6
2025-02-06 03:44:00,6.5
2025-02-06 03:48:59,6.5
2025-02-06 03:54:00,6.5
2025-02-06 03:59:00,6.5
2025-02-06 04:04:00,6.6
2025-02-06 04:08:59,6.5
2025-02-06 04:14:00,6.5
2025-02-06 04:19:00,6.4
2025-02-06 04:24:00,6.3
2025-02-06 04:29:00,6.5
2025-02-06 04:34:00,6.4
2025-02-06 04:39:00,6.3
2025-02-06 04:44:00,6.0
2025-02-06 04:49:00,6.1
2025-02-06 04:54:00,6.1
2025-02-06 04:59:00,6.4
2025-02-06 05:04:00,6.4
2025-02-06 05:09:00,6.3
2025-02-06 05:14:00,6.5
2025-02-06 05:19:00,6.4
2025-02-06 05:24:00,6.3
2025-02-06 05:29:00,6.2
2025-02-06 05:34:00,6.2
2025-02-06 05:39:00,6.3
2025-02-06 05:44:00,6.3
2025-02-06 05:49:00,6.4
2025-02-06 05:54:00,6.4
2025-02-06 05:59:01,6.4
2025-02-06 06:04:00,6.5
2025-02-06 06:09:00,6.3
2025-02-06 06:14:00,6.3
2025-02-06 06:18:53,6.8
2025-02-06 06:23:53,6.9
2025-02-06 06:28:53,6.7
2025-02-06 06:33:53,6.5
2025-02-06 06:38:53,6.9
2025-02-06 06:43:53,6.8
2025-02-06 06:48:53,7.0
2025-02-06 06:53:53,7.1
2025-02-06 06:58:53,7.2
2025-02-06 07:03:53,7.0
2025-02-06 07:08:53,7.1
2025-02-06 07:13:54,7.1
2025-02-06 07:18:54,6.8
2025-02-06 07:23:53,6.9
2025-02-06 07:28:53,6.8
2025-02-06 07:33:53,7.4
2025-02-06 07:38:54,7.2
2025-02-06 07:43:54,6.7
2025-02-06 07:48:54,7.0
2025-02-06 07:53:54,7.2
2025-02-06 07:58:53,6.7
2025-02-06 08:03:53,6.5
2025-02-06 08:08:54,6.7
2025-02-06 08:13:53,6.8
2025-02-06 08:18:54,7.5
2025-02-06 08:23:54,8.3
2025-02-06 08:28:53,7.8
2025-02-06 08:33:54,7.1
2025-02-06 08:38:54,6.8
2025-02-06 08:43:54,6.7
2025-02-06 08:48:53,6.3
2025-02-06 08:53:53,6.3
2025-02-06 08:58:53,6.5
2025-02-06 09:03:53,6.5
2025-02-06 09:08:54,6.1
2025-02-06 09:13:54,6.0
2025-02-06 09:18:54,6.1
2025-02-06 09:23:54,6.3
2025-02-06 09:28:54,6.4
2025-02-06 09:33:54,6.4
2025-02-06 09:38:53,6.5
2025-02-06 09:43:54,6.5
2025-02-06 09:48:54,6.2
2025-02-06 09:53:54,6.3
2025-02-06 09:58:54,6.6
2025-02-06 10:03:54,6.5
2025-02-06 10:08:53,6.5
2025-02-06 10:13:54,6.4
2025-02-06 10:18:54,6.4
2025-02-06 10:23:53,6.5
2025-02-06 10:28:53,6.6
2025-02-06 10:33:54,6.8
2025-02-06 10:38:54,6.8
2025-02-06 10:43:53,6.8
2025-02-06 10:48:53,6.8
2025-02-06 10:53:54,6.7
2025-02-06 10:58:54,6.5
2025-02-06 11:03:54,6.4
2025-02-06 11:08:54,6.3
2025-02-06 11:13:54,6.3
2025-02-06 11:18:54,6.3
2025-02-06 11:23:54,6.2
2025-02-06 11:28:54,6.2
2025-02-06 11:33:53,6.1
2025-02-06 11:38:54,6.2
2025-02-06 11:43:54,6.1
2025-02-06 11:48:54,6.0
2025-02-06 11:53:54,6.0
2025-02-06 11:58:54,5.9
2025-02-06 12:03:54,6.0
2025-02-06 12:08:54,6.0
2025-02-06 12:13:54,6.0
2025-02-06 12:18:54,5.9
2025-02-06 12:23:54,5.9
2025-02-06 12:28:54,5.9
2025-02-06 12:33:54,5.8
2025-02-06 12:38:54,5.8
2025-02-06 12:43:54,5.9
2025-02-06 12:48:54,5.9
2025-02-06 12:53:54,5.7
2025-02-06 12:58:54,5.8
2025-02-06 13:03:54,5.8
2025-02-06 13:08:55,5.9
2025-02-06 13:13:54,6.2
2025-02-06 13:18:54,6.3
2025-02-06 13:23:54,6.3
2025-02-06 13:28:54,6.4
2025-02-06 13:33:54,6.4
2025-02-06 13:38:54,6.4
2025-02-06 13:43:55,6.3
2025-02-06 13:48:54,6.3
2025-02-06 13:53:55,6.3
2025-02-06 13:58:54,6.2
2025-02-06 14:03:54,6.0
2025-02-06 14:08:54,5.9
2025-02-06 14:13:54,5.8
2025-02-06 14:18:54,6.0
2025-02-06 14:23:54,6.0
2025-02-06 14:28:54,6.0
2025-02-06 14:33:54,6.2
2025-02-06 14:38:54,6.4
2025-02-06 14:43:55,6.5
2025-02-06 14:48:54,6.4
2025-02-06 14:53:55,6.3
2025-02-06 14:58:55,6.2
2025-02-06 15:03:54,6.1
2025-02-06 15:08:54,5.9
2025-02-06 15:13:54,6.0
2025-02-06 15:18:54,5.9
2025-02-06 15:23:54,5.9
2025-02-06 15:28:55,5.9
2025-02-06 15:33:54,5.9
2025-02-06 15:38:54,5.9
2025-02-06 15:43:54,5.9
2025-02-06 15:48:55,5.9
2025-02-06 15:53:55,5.9
2025-02-06 15:58:54,5.9
2025-02-06 16:03:55,5.9
2025-02-06 16:08:55,5.8
2025-02-06 16:13:55,5.9
2025-02-06 16:18:54,5.9
2025-02-06 16:23:54,6.0
2025-02-06 16:28:55,6.0
2025-02-06 16:33:55,5.9
2025-02-06 16:38:54,5.7
2025-02-06 16:43:54,5.5
2025-02-06 16:48:54,5.4
2025-02-06 16:53:55,5.8
2025-02-06 16:58:54,5.9
2025-02-06 17:03:54,5.8
2025-02-06 17:08:55,5.8
2025-02-06 17:13:55,5.7
2025-02-06 17:18:55,5.7
2025-02-06 17:23:55,5.8
2025-02-06 17:28:55,5.5
2025-02-06 17:33:54,5.7
2025-02-06 17:38:54,6.0
2025-02-06 17:43:55,6.0
2025-02-06 17:48:55,5.8
2025-02-06 17:53:55,5.6
2025-02-06 17:58:55,5.3
2025-02-06 18:03:54,5.8
2025-02-06 18:08:54,5.8
2025-02-06 18:13:55,5.7
2025-02-06 18:18:55,5.5
2025-02-06 18:23:55,5.5
2025-02-06 18:28:55,5.5
2025-02-06 18:33:54,5.2
2025-02-06 18:38:55,5.3
2025-02-06 18:43:54,5.5
2025-02-06 18:48:55,5.5
2025-02-06 18:53:55,5.4
2025-02-06 18:58:55,5.3
2025-02-06 19:03:54,5.5
2025-02-06 19:08:54,5.5
2025-02-06 19:13:55,5.6
2025-02-06 19:18:55,5.5
2025-02-06 19:23:54,5.5
2025-02-06 19:28:55,5.4
2025-02-06 19:33:54,5.5
2025-02-06 19:38:55,5.6
2025-02-06 19:43:54,5.6
2025-02-06 19:48:55,5.7
2025-02-06 19:53:55,5.7
2025-02-06 19:58:55,5.8
2025-02-06 20:03:55,6.2
2025-02-06 20:08:55,6.4
2025-02-06 20:13:55,6.2
2025-02-06 20:18:55,6.3
2025-02-06 20:23:55,6.4
2025-02-06 20:28:55,6.2
2025-02-06 20:33:55,6.2
2025-02-06 20:38:55,6.2
2025-02-06 20:43:55,6.1
2025-02-06 20:48:55,6.2
2025-02-06 20:53:56,6.0
2025-02-06 20:58:55,5.9
2025-02-06 21:03:55,5.7
2025-02-06 21:08:55,5.7
2025-02-06 21:13:55,6.2
2025-02-06 21:18:55,6.8
2025-02-06 21:23:55,7.2
2025-02-06 21:28:55,7.0
2025-02-06 21:33:56,7.2
2025-02-06 21:38:55,7.0
2025-02-06 21:43:55,7.2
2025-02-06 21:48:55,7.0
2025-02-06 21:53:55,7.3
2025-02-06 21:58:55,6.9
2025-02-06 22:03:55,6.7
2025-02-06 22:08:55,6.5
2025-02-06 22:13:55,6.3
2025-02-06 22:18:55,6.3
2025-02-06 22:23:56,6.4
2025-02-06 22:28:55,6.2
2025-02-06 22:33:55,6.4
2025-02-06 22:38:55,6.5
2025-02-06 22:43:55,6.8
2025-02-06 22:48:55,6.8
2025-02-06 22:53:55,6.7
2025-02-06 22:58:55,6.5
2025-02-06 23:03:55,6.3
2025-02-06 23:08:55,6.5
2025-02-06 23:13:55,6.6
2025-02-06 23:18:56,6.8
2025-02-06 23:23:55,7.3
2025-02-06 23:28:55,7.2
2025-02-06 23:33:56,7.2
2025-02-06 23:38:55,7.1
2025-02-06 23:43:55,7.0
2025-02-06 23:48:55,7.1
2025-02-06 23:53:55,7.2
2025-02-06 23:58:55,7.0
2025-02-07 00:03:55,7.1
2025-02-07 00:08:56,7.0
2025-02-07 00:13:56,6.9
2025-02-07 00:18:55,6.9
2025-02-07 00:23:55,6.9
2025-02-07 00:28:56,7.0
2025-02-07 00:33:56,7.0
2025-02-07 00:38:55,6.9
2025-02-07 00:43:55,7.2
2025-02-07 00:48:55,7.2
2025-02-07 00:53:56,6.9
2025-02-07 00:58:56,6.9
2025-02-07 01:03:56,6.8
2025-02-07 01:08:55,6.8
2025-02-07 01:13:55,6.8
2025-02-07 01:18:55,6.7
2025-02-07 01:23:55,6.2
2025-02-07 01:28:56,6.2
2025-02-07 01:33:55,6.4
2025-02-07 01:38:56,6.6
2025-02-07 01:43:55,6.5
2025-02-07 01:48:55,6.4
2025-02-07 01:53:55,6.3
2025-02-07 01:58:56,6.2
2025-02-07 02:03:56,6.2
2025-02-07 02:08:56,6.2
2025-02-07 02:13:55,6.1
2025-02-07 02:18:56,6.2
2025-02-07 02:23:56,6.2
2025-02-07 02:28:56,6.2
2025-02-07 02:33:56,6.2
2025-02-07 02:38:56,6.2
2025-02-07 02:43:56,6.2
2025-02-07 02:48:56,6.2
2025-02-07 02:53:56,6.3
2025-02-07 02:58:56,6.3
2025-02-07 03:03:56,6.2
2025-02-07 03:08:56,6.3
2025-02-07 03:13:56,6.3
2025-02-07 03:18:56,6.5
2025-02-07 03:23:56,6.6
2025-02-07 03:28:56,6.7
2025-02-07 03:33:56,6.7
2025-02-07 03:38:56,6.6
2025-02-07 03:43:56,6.5
2025-02-07 03:48:56,6.5
2025-02-07 03:53:56,5.9
2025-02-07 03:58:55,5.9
2025-02-07 04:03:56,6.2
2025-02-07 04:08:56,6.2
2025-02-07 04:13:56,6.1
2025-02-07 04:18:56,6.1
2025-02-07 04:23:56,6.2
2025-02-07 04:28:56,6.2
2025-02-07 04:33:55,6.2
2025-02-07 04:38:56,6.3
2025-02-07 04:43:56,6.3
2025-02-07 04:48:56,6.3
2025-02-07 04:53:56,6.3
2025-02-07 04:58:56,6.2
2025-02-07 05:03:56,6.3
2025-02-07 05:08:56,6.3
2025-02-07 05:13:56,6.3
2025-02-07 05:18:56,6.3
2025-02-07 05:23:56,6.5
2025-02-07 05:28:56,6.6
2025-02-07 05:33:56,6.7
2025-02-07 05:38:56,6.2
2025-02-07 05:43:56,6.3
2025-02-07 05:48:56,6.3
2025-02-07 05:53:56,6.4
2025-02-07 05:58:56,6.3
2025-02-07 06:03:56,6.3
2025-02-07 06:08:56,6.3
2025-02-07 06:13:57,6.3
2025-02-07 06:18:56,6.5
2025-02-07 06:23:56,6.5
2025-02-07 06:28:56,6.6
2025-02-07 06:33:57,6.2
2025-02-07 06:38:56,6.1
2025-02-07 06:43:56,6.2
2025-02-07 06:48:56,6.3
2025-02-07 06:53:56,6.4
2025-02-07 06:58:56,6.5
2025-02-07 07:03:56,6.5
2025-02-07 07:08:56,6.8
2025-02-07 07:13:56,7.0
2025-02-07 07:18:56,7.0
2025-02-07 07:23:56,7.0
2025-02-07 07:28:56,6.9
2025-02-07 07:33:57,7.0
2025-02-07 07:38:57,7.0
2025-02-07 07:43:57,6.7
2025-02-07 07:48:57,6.6
2025-02-07 07:53:56,6.7
2025-02-07 07:58:56,6.8
2025-02-07 08:03:57,6.9
2025-02-07 08:08:56,6.9
2025-02-07 08:13:57,6.8
2025-02-07 08:18:57,6.8
2025-02-07 08:23:57,6.8
2025-02-07 08:28:56,6.8
2025-02-07 08:33:56,6.6
2025-02-07 08:38:56,6.6
2025-02-07 08:43:56,6.5
2025-02-07 08:48:57,6.6
2025-02-07 08:53:56,6.6
2025-02-07 08:58:57,6.5
2025-02-07 09:03:57,6.5
2025-02-07 09:08:57,6.6
2025-02-07 09:13:57,6.5
2025-02-07 09:18:57,6.5
2025-02-07 09:23:56,6.6
2025-02-07 09:28:56,6.4
2025-02-07 09:33:57,6.5
2025-02-07 09:38:57,6.4
2025-02-07 09:43:57,6.4
2025-02-07 09:48:56,6.4
2025-02-07 09:53:57,6.4
2025-02-07 09:58:57,6.7
2025-02-07 10:03:56,6.7
2025-02-07 10:08:57,6.6
2025-02-07 10:13:56,6.7
2025-02-07 10:18:57,6.7
2025-02-07 10:23:56,6.6
2025-02-07 10:28:56,6.4
2025-02-07 10:33:57,6.7
2025-02-07 10:38:57,6.7
2025-02-07 10:43:57,6.8
2025-02-07 10:48:56,6.5
2025-02-07 10:53:57,6.8
2025-02-07 10:58:57,6.7
2025-02-07 11:03:57,6.7
2025-02-07 11:08:57,6.7
2025-02-07 11:13:57,6.5
2025-02-07 11:18:57,6.2
2025-02-07 11:23:57,6.7
2025-02-07 11:28:56,7.3
2025-02-07 11:33:57,6.4
2025-02-07 11:38:57,4.9
2025-02-07 11:43:57,5.2
2025-02-07 11:48:57,5.6
2025-02-07 11:53:57,6.0
2025-02-07 11:58:57,6.3
2025-02-07 12:03:56,6.4
2025-02-07 12:08:57,6.6
2025-02-07 12:13:57,6.6
2025-02-07 12:18:57,6.6
2025-02-07 12:23:57,6.5
2025-02-07 12:28:57,6.4
2025-02-07 12:33:57,6.3
2025-02-07 12:38:57,6.3
2025-02-07 12:43:57,6.2
2025-02-07 12:48:57,6.0
2025-02-07 12:53:57,5.9
2025-02-07 12:58:57,5.8
2025-02-07 13:03:57,5.7
2025-02-07 13:08:57,5.6
2025-02-07 13:13:57,5.6
2025-02-07 13:18:57,5.5
2025-02-07 13:23:57,5.5
2025-02-07 13:28:57,5.5
2025-02-07 13:33:57,5.4
2025-02-07 13:38:57,5.5
2025-02-07 13:43:57,5.5
2025-02-07 13:48:57,5.5
2025-02-07 13:53:57,5.5
2025-02-07 13:58:57,5.4
2025-02-07 14:03:57,5.3
2025-02-07 14:08:57,5.4
2025-02-07 14:13:57,5.7
2025-02-07 14:18:57,6.2
2025-02-07 14:23:57,6.3
2025-02-07 14:28:57,6.1
2025-02-07 14:33:58,6.2
2025-02-07 14:38:57,6.0
2025-02-07 14:43:57,5.9
2025-02-07 14:48:57,5.9
2025-02-07 14:53:57,6.1
2025-02-07 14:58:57,6.1
2025-02-07 15:03:58,6.1
2025-02-07 15:08:57,6.3
2025-02-07 15:13:57,6.7
2025-02-07 15:18:58,6.7
2025-02-07 15:23:57,6.8
2025-02-07 15:28:57,6.8
2025-02-07 15:33:58,6.8
2025-02-07 15:38:57,6.8
2025-02-07 15:43:57,6.9
2025-02-07 15:48:57,6.8
2025-02-07 15:53:58,6.7
2025-02-07 15:58:57,6.7
2025-02-07 16:03:57,6.7
2025-02-07 16:08:58,6.9
2025-02-07 16:13:58,7.2
2025-02-07 16:18:58,7.5
2025-02-07 16:23:58,7.7
2025-02-07 16:28:58,7.8
2025-02-07 16:33:58,7.9
2025-02-07 16:38:58,7.7
2025-02-07 16:43:58,7.4
2025-02-07 16:48:58,7.1
2025-02-07 16:53:57,6.8
2025-02-07 16:58:57,6.6
2025-02-07 17:03:57,6.3
2025-02-07 17:08:58,6.0
2025-02-07 17:13:58,6.0
2025-02-07 17:18:58,5.9
2025-02-07 17:23:58,6.0
2025-02-07 17:28:58,6.1
2025-02-07 17:33:57,6.2
2025-02-07 17:38:58,6.0
2025-02-07 17:43:58,6.1
2025-02-07 17:48:58,6.1
2025-02-07 17:53:57,6.3
2025-02-07 17:58:58,6.5
2025-02-07 18:03:57,6.8
2025-02-07 18:08:58,6.8
2025-02-07 18:13:58,7.0
2025-02-07 18:18:58,7.2
2025-02-07 18:23:57,7.4
2025-02-07 18:28:58,7.3
2025-02-07 18:33:57,7.0
2025-02-07 18:38:58,6.8
2025-02-07 18:43:58,6.6
2025-02-07 18:48:58,6.5
2025-02-07 18:53:58,6.5
2025-02-07 18:58:58,6.6
2025-02-07 19:03:58,6.6
2025-02-07 19:08:58,6.5
2025-02-07 19:13:58,6.5
2025-02-07 19:18:58,6.7
2025-02-07 19:23:58,6.5
2025-02-07 19:28:58,6.4
2025-02-07 19:33:58,6.4
2025-02-07 19:38:58,6.4
2025-02-07 19:43:58,6.4
2025-02-07 19:48:58,6.6
2025-02-07 19:53:58,6.7
2025-02-07 19:58:58,6.7
2025-02-07 20:03:58,6.9
2025-02-07 20:08:58,6.6
2025-02-07 20:13:58,6.5
2025-02-07 20:18:59,6.3
2025-02-07 20:23:58,6.2
2025-02-07 20:28:58,6.1
2025-02-07 20:33:58,5.7
2025-02-07 20:38:59,5.5
2025-02-07 20:43:59,5.8
2025-02-07 20:48:58,5.3
2025-02-07 20:53:58,5.1
2025-02-07 20:58:58,5.3
2025-02-07 21:03:58,5.5
2025-02-07 21:08:58,6.5
2025-02-07 21:13:59,7.0
2025-02-07 21:18:59,7.2
2025-02-07 21:23:58,6.8
2025-02-07 21:28:58,6.6
2025-02-07 21:33:58,6.4
2025-02-07 21:38:58,6.3
2025-02-07 21:43:58,6.8
2025-02-07 21:48:59,6.9
2025-02-07 21:53:59,6.7
2025-02-07 21:58:59,6.6
2025-02-07 22:03:59,6.5
2025-02-07 22:08:59,6.4
2025-02-07 22:13:58,6.4
2025-02-07 22:18:58,6.4
2025-02-07 22:23:59,6.3
2025-02-07 22:28:59,6.2
2025-02-07 22:33:59,6.3
2025-02-07 22:38:59,6.3
2025-02-07 22:43:58,6.3
2025-02-07 22:48:58,6.3
2025-02-07 22:53:59,6.3
2025-02-07 22:58:59,6.2
2025-02-07 23:03:58,6.3
2025-02-07 23:08:59,6.2
2025-02-07 23:13:58,6.2
2025-02-07 23:18:58,6.2
2025-02-07 23:23:59,6.3
2025-02-07 23:28:58,6.3
2025-02-07 23:33:58,6.0
2025-02-07 23:38:58,6.2
2025-02-07 23:43:59,6.2
2025-02-07 23:48:59,6.0
2025-02-07 23:53:59,6.0
2025-02-07 23:58:59,6.2
2025-02-08 00:03:59,6.4
2025-02-08 00:08:58,6.4
2025-02-08 00:13:58,6.4
2025-02-08 00:18:58,6.4
2025-02-08 00:23:59,6.4
2025-02-08 00:28:59,6.4
2025-02-08 00:33:59,6.4
2025-02-08 00:38:58,6.5
2025-02-08 00:43:58,6.6
2025-02-08 00:48:58,6.7
2025-02-08 00:53:59,6.8
2025-02-08 00:58:59,6.7
2025-02-08 01:03:58,6.6
2025-02-08 01:08:59,6.5
2025-02-08 01:13:59,6.2
2025-02-08 01:18:59,6.3
2025-02-08 01:23:59,6.4
2025-02-08 01:28:59,6.4
2025-02-08 01:33:58,6.3
2025-02-08 01:38:58,6.4
2025-02-08 01:43:58,6.4
2025-02-08 01:48:58,6.5
2025-02-08 01:53:59,6.5
2025-02-08 01:58:59,6.5
2025-02-08 02:03:59,6.5
2025-02-08 02:08:59,6.5
2025-02-08 02:13:59,6.4
2025-02-08 02:18:59,6.4
2025-02-08 02:23:59,6.6
2025-02-08 02:28:59,6.3
2025-02-08 02:33:59,6.2
2025-02-08 02:38:59,6.4
2025-02-08 02:43:59,6.4
2025-02-08 02:48:59,6.0
2025-02-08 02:53:59,6.3
2025-02-08 02:58:59,6.3
2025-02-08 03:03:59,6.4
2025-02-08 03:08:59,6.4
2025-02-08 03:13:59,6.4
2025-02-08 03:18:59,6.4
2025-02-08 03:23:59,6.3
2025-02-08 03:28:59,6.4
2025-02-08 03:33:59,6.3
2025-02-08 03:38:59,6.3
2025-02-08 03:44:00,6.8
2025-02-08 03:48:59,6.5
2025-02-08 03:53:59,6.5
2025-02-08 03:58:59,6.5
2025-02-08 04:03:59,6.6
2025-02-08 04:08:59,6.7
2025-02-08 04:13:59,6.7
2025-02-08 04:18:59,6.8
2025-02-08 04:23:59,6.8
2025-02-08 04:28:59,6.8
2025-02-08 04:33:59,6.8
2025-02-08 04:38:59,6.8
2025-02-08 04:43:59,6.8
2025-02-08 04:48:59,6.8
2025-02-08 04:53:59,6.9
2025-02-08 04:59:00,7.0
2025-02-08 05:03:59,7.0
2025-02-08 05:08:59,7.0
2025-02-08 05:14:00,6.9
2025-02-08 05:18:59,6.7
2025-02-08 05:23:59,7.0
2025-02-08 05:28:59,7.0
2025-02-08 05:33:59,6.8
2025-02-08 05:38:59,6.8
2025-02-08 05:43:59,6.9
2025-02-08 05:49:00,6.9
2025-02-08 05:54:00,6.9
2025-02-08 05:58:59,7.0
2025-02-08 06:03:59,6.9
2025-02-08 06:08:59,6.9
2025-02-08 06:13:59,6.9
2025-02-08 06:18:59,6.9
2025-02-08 06:24:00,6.9
2025-02-08 06:28:59,6.8
2025-02-08 06:33:59,6.8
2025-02-08 06:38:59,7.0
2025-02-08 06:44:00,7.0
2025-02-08 06:48:59,6.8
2025-02-08 06:53:59,6.8
2025-02-08 06:58:59,6.9
2025-02-08 07:03:59,6.9
2025-02-08 07:09:00,6.9
2025-02-08 07:14:00,6.9
2025-02-08 07:19:00,7.0
2025-02-08 07:24:00,7.0
2025-02-08 07:29:00,6.8
2025-02-08 07:34:00,6.6
2025-02-08 07:38:59,6.8
2025-02-08 07:44:00,6.8
2025-02-08 07:49:00,6.8
2025-02-08 07:54:00,6.9
2025-02-08 07:59:00,6.9
2025-02-08 08:04:00,6.8
2025-02-08 08:09:00,6.9
2025-02-08 08:13:59,7.0
2025-02-08 08:18:59,7.0
2025-02-08 08:24:00,7.0
2025-02-08 08:29:00,6.7
2025-02-08 08:34:00,6.6
2025-02-08 08:39:00,6.9
2025-02-08 08:44:00,7.0
2025-02-08 08:48:59,6.9
2025-02-08 08:54:00,7.0
2025-02-08 08:59:00,7.0
2025-02-08 09:04:00,6.5
2025-02-08 09:09:00,6.3
2025-02-08 09:14:00,6.5
2025-02-08 09:18:59,6.9
2025-02-08 09:24:00,7.0
2025-02-08 09:29:00,7.5
2025-02-08 09:34:00,7.9
2025-02-08 09:39:00,7.0
2025-02-08 09:44:00,6.8
2025-02-08 09:49:00,8.9
2025-02-08 09:54:00,10.8
2025-02-08 09:59:00,9.9
2025-02-08 10:04:00,8.7
2025-02-08 10:09:00,7.7
2025-02-08 10:14:00,7.3
2025-02-08 10:19:00,6.6
2025-02-08 10:24:00,6.2
2025-02-08 10:29:00,6.2
2025-02-08 10:34:00,6.2
2025-02-08 10:38:59,6.3
2025-02-08 10:44:00,6.3
2025-02-08 10:49:00,6.4
2025-02-08 10:54:00,6.4
2025-02-08 10:59:00,6.2
2025-02-08 11:04:00,5.9
2025-02-08 11:09:00,6.0
2025-02-08 11:14:00,6.2
2025-02-08 11:19:00,6.2
2025-02-08 11:24:00,6.2
2025-02-08 11:29:00,6.3
2025-02-08 11:34:00,6.4
2025-02-08 11:39:00,6.5
2025-02-08 11:44:00,6.5
2025-02-08 11:49:00,6.6
2025-02-08 11:54:00,6.5
2025-02-08 11:59:01,6.7
2025-02-08 12:04:01,6.6
2025-02-08 12:09:00,6.7
2025-02-08 12:14:00,6.5
2025-02-08 12:19:00,6.5
2025-02-08 12:24:00,6.5
2025-02-08 12:29:00,6.5
2025-02-08 12:34:00,6.7
2025-02-08 12:39:00,6.8
2025-02-08 12:44:00,7.0
2025-02-08 12:49:01,7.3
2025-02-08 12:54:00,7.3
2025-02-08 12:59:00,6.9
2025-02-08 13:04:00,6.8
2025-02-08 13:09:01,6.8
2025-02-08 13:14:00,6.8
2025-02-08 13:19:00,6.8
2025-02-08 13:24:01,6.8
2025-02-08 13:29:00,6.8
2025-02-08 13:34:00,6.7
2025-02-08 13:39:00,6.6
2025-02-08 13:44:00,6.5
2025-02-08 13:49:01,6.6
2025-02-08 13:54:01,6.5
2025-02-08 13:59:00,6.5
2025-02-08 14:04:00,6.5
2025-02-08 14:09:00,6.6
2025-02-08 14:14:01,7.0
2025-02-08 14:19:00,7.3
2025-02-08 14:24:00,7.3
2025-02-08 14:29:00,7.5
2025-02-08 14:34:01,6.9
2025-02-08 14:39:00,6.7
2025-02-08 14:44:00,6.6
2025-02-08 14:49:00,6.2
2025-02-08 14:54:01,6.0
2025-02-08 14:59:01,5.9
2025-02-08 15:04:01,6.1
2025-02-08 15:09:00,6.5
2025-02-08 15:14:00,6.6
2025-02-08 15:19:00,6.9
2025-02-08 15:24:00,7.1
2025-02-08 15:29:01,6.9
2025-02-08 15:34:00,6.8
2025-02-08 15:39:00,6.6
2025-02-08 15:44:00,6.4
2025-02-08 15:49:00,6.8
2025-02-08 15:54:00,6.5
2025-02-08 15:59:00,6.5
2025-02-08 16:04:00,6.3
2025-02-08 16:09:01,6.3
2025-02-08 16:14:00,6.5
2025-02-08 16:19:01,7.0
2025-02-08 16:24:01,7.3
2025-02-08 16:29:01,7.7
2025-02-08 16:34:01,7.9
2025-02-08 16:39:01,7.8
2025-02-08 16:44:01,7.5
2025-02-08 16:49:01,7.4
2025-02-08 16:54:00,7.5
2025-02-08 16:59:01,7.4
2025-02-08 17:04:01,7.2
2025-02-08 17:09:01,6.5
2025-02-08 17:14:01,6.5
2025-02-08 17:19:01,6.6
2025-02-08 17:24:01,6.3
2025-02-08 17:29:01,6.5
2025-02-08 17:34:00,6.7
2025-02-08 17:39:01,6.9
2025-02-08 17:44:01,6.6
2025-02-08 17:49:01,6.4
2025-02-08 17:54:01,6.4
2025-02-08 17:59:01,6.4
2025-02-08 18:04:01,6.3
2025-02-08 18:09:01,6.4
2025-02-08 18:14:01,6.2
2025-02-08 18:19:01,5.9
2025-02-08 18:24:01,5.8
2025-02-08 18:29:01,5.9
2025-02-08 18:34:01,6.0
2025-02-08 18:39:01,6.3
2025-02-08 18:44:01,6.7
2025-02-08 18:49:01,6.8
2025-02-08 18:54:01,7.1
2025-02-08 18:59:01,7.2
2025-02-08 19:04:01,7.0
2025-02-08 19:09:02,6.9
2025-02-08 19:14:02,6.7
2025-02-08 19:19:01,6.7
2025-02-08 19:24:01,6.6
2025-02-08 19:29:01,6.5
2025-02-08 19:34:01,6.1
2025-02-08 19:39:01,5.7
2025-02-08 19:44:01,5.5
2025-02-08 19:49:01,5.3
2025-02-08 19:54:01,5.4
2025-02-08 19:59:01,5.4
2025-02-08 20:04:01,5.5
2025-02-08 20:09:01,5.8
2025-02-08 20:14:01,6.1
2025-02-08 20:19:01,6.2
2025-02-08 20:24:02,6.6
2025-02-08 20:29:01,6.9
2025-02-08 20:34:02,6.9
2025-02-08 20:39:01,7.1
2025-02-08 20:44:02,7.0
2025-02-08 20:49:02,7.2
2025-02-08 20:54:01,7.0
2025-02-08 20:59:01,6.7
2025-02-08 21:04:01,6.7
2025-02-08 21:09:02,6.5
2025-02-08 21:14:01,6.6
2025-02-08 21:19:01,6.4
2025-02-08 21:24:02,6.5
2025-02-08 21:29:02,6.7
2025-02-08 21:34:01,6.6
2025-02-08 21:39:02,6.4
2025-02-08 21:44:01,6.4
2025-02-08 21:49:02,7.0
2025-02-08 21:54:01,6.7
2025-02-08 21:59:01,6.4
2025-02-08 22:04:01,6.2
2025-02-08 22:09:01,6.0
2025-02-08 22:14:01,6.0
2025-02-08 22:19:01,6.1
2025-02-08 22:24:02,6.3
2025-02-08 22:29:02,6.3
2025-02-08 22:34:01,6.4
2025-02-08 22:39:01,6.7
2025-02-08 22:44:01,7.0
2025-02-08 22:49:02,6.9
2025-02-08 22:54:01,6.9
2025-02-08 22:59:02,6.9
2025-02-08 23:04:02,6.8
2025-02-08 23:09:01,6.8
2025-02-08 23:14:01,6.8
2025-02-08 23:19:02,6.7
2025-02-08 23:24:02,6.5
2025-02-08 23:29:02,6.5
2025-02-08 23:34:02,6.6
2025-02-08 23:39:02,6.7
2025-02-08 23:44:01,6.7
2025-02-08 23:49:01,6.7
2025-02-08 23:54:02,6.8
2025-02-08 23:59:02,7.0
2025-02-09 00:04:02,6.9
2025-02-09 00:09:02,6.9
2025-02-09 00:14:02,6.8
2025-02-09 00:19:01,6.7
2025-02-09 00:24:02,6.4
2025-02-09 00:29:02,6.6
2025-02-09 00:34:02,6.7
2025-02-09 00:39:02,6.7
2025-02-09 00:44:02,6.7
2025-02-09 00:49:02,6.5
2025-02-09 00:54:02,6.4
2025-02-09 00:59:02,6.5
2025-02-09 01:04:02,6.4
2025-02-09 01:09:02,6.2
2025-02-09 01:14:02,6.4
2025-02-09 01:19:02,6.5
2025-02-09 01:24:02,6.5
2025-02-09 01:29:02,6.5
2025-02-09 01:34:02,6.5
2025-02-09 01:39:02,6.5
2025-02-09 01:44:02,6.5
2025-02-09 01:49:02,6.5
2025-02-09 01:54:02,6.2
2025-02-09 01:59:02,5.8
2025-02-09 02:04:02,6.0
2025-02-09 02:09:02,6.0
2025-02-09 02:14:02,6.2
2025-02-09 02:19:02,6.1
2025-02-09 02:24:02,6.2
2025-02-09 02:29:02,6.2
2025-02-09 02:34:02,6.2
2025-02-09 02:39:02,6.1
2025-02-09 02:44:02,6.4
2025-02-09 02:49:02,6.2
2025-02-09 02:54:02,6.1
2025-02-09 02:59:03,6.2
2025-02-09 03:04:02,6.2
2025-02-09 03:09:02,6.1
2025-02-09 03:14:03,6.2
2025-02-09 03:19:02,6.3
2025-02-09 03:24:02,6.3
2025-02-09 03:29:02,6.3
2025-02-09 03:34:03,6.4
2025-02-09 03:39:02,6.4
2025-02-09 03:44:03,6.4
2025-02-09 03:49:02,6.4
2025-02-09 03:54:02,6.3
2025-02-09 03:59:02,6.3
2025-02-09 04:04:02,6.3
2025-02-09 04:09:02,6.3
2025-02-09 04:14:03,6.2
2025-02-09 04:19:03,6.3
2025-02-09 04:24:03,6.2
2025-02-09 04:29:02,6.2
2025-02-09 04:34:02,6.3
2025-02-09 04:39:02,6.3
2025-02-09 04:44:02,6.5
2025-02-09 04:49:02,6.4
2025-02-09 04:54:02,6.4
2025-02-09 04:59:03,6.4
2025-02-09 05:04:03,6.4
2025-02-09 05:09:03,6.5
2025-02-09 05:14:03,6.5
2025-02-09 05:19:02,6.5
2025-02-09 05:24:03,6.5
2025-02-09 05:29:02,6.9
2025-02-09 05:34:03,7.0
2025-02-09 05:39:03,6.8
2025-02-09 05:44:03,6.3
2025-02-09 05:49:02,6.3
2025-02-09 05:54:02,6.5
2025-02-09 05:59:02,6.6
2025-02-09 06:04:03,6.2
2025-02-09 06:09:03,6.1
2025-02-09 06:14:03,6.3
2025-02-09 06:19:03,6.5
2025-02-09 06:24:02,6.9
2025-02-09 06:29:02,6.7
2025-02-09 06:34:03,6.6
2025-02-09 06:39:02,6.4
2025-02-09 06:44:03,6.7
2025-02-09 06:49:02,6.7
2025-02-09 06:54:03,6.9
2025-02-09 06:59:03,6.6
2025-02-09 07:04:03,6.4
2025-02-09 07:09:03,6.7
2025-02-09 07:14:03,6.3
2025-02-09 07:19:03,6.3
2025-02-09 07:24:03,6.5
2025-02-09 07:29:03,6.5
2025-02-09 07:34:03,6.5
2025-02-09 07:39:03,6.6
2025-02-09 07:44:02,6.9
2025-02-09 07:49:02,7.0
2025-02-09 07:54:02,7.8
2025-02-09 07:59:03,7.4
2025-02-09 08:04:03,6.4
2025-02-09 08:09:03,6.4
2025-02-09 08:14:02,6.5
2025-02-09 08:19:02,6.5
2025-02-09 08:24:03,6.4
2025-02-09 08:29:03,6.7
2025-02-09 08:34:03,6.7
2025-02-09 08:39:03,6.9
2025-02-09 08:44:03,6.8
2025-02-09 08:49:02,6.7
2025-02-09 08:54:03,6.7
2025-02-09 08:59:03,6.7
2025-02-09 09:04:03,6.7
2025-02-09 09:09:03,6.7
2025-02-09 09:14:03,6.6
2025-02-09 09:19:03,6.6
2025-02-09 09:24:03,6.6
2025-02-09 09:29:03,6.5
2025-02-09 09:34:03,6.5
2025-02-09 09:39:03,6.5
2025-02-09 09:44:03,6.5
2025-02-09 09:49:03,6.5
2025-02-09 09:54:03,6.4
2025-02-09 09:59:03,6.3
2025-02-09 10:04:03,6.2
2025-02-09 10:09:03,6.2
2025-02-09 10:14:03,6.3
2025-02-09 10:19:03,6.3
2025-02-09 10:24:03,6.4
2025-02-09 10:29:03,6.4
2025-02-09 10:34:03,6.4
2025-02-09 10:39:03,6.4
2025-02-09 10:44:03,6.4
2025-02-09 10:49:03,6.5
2025-02-09 10:54:03,6.5
2025-02-09 10:59:03,6.4
2025-02-09 11:04:03,6.3
2025-02-09 11:09:03,6.3
2025-02-09 11:14:03,6.4
2025-02-09 11:19:03,6.3
2025-02-09 11:24:04,6.3
2025-02-09 11:29:03,6.2
2025-02-09 11:34:03,6.2
2025-02-09 11:39:03,6.1
2025-02-09 11:44:03,6.1
2025-02-09 11:49:03,6.2
2025-02-09 11:54:03,6.2
2025-02-09 11:59:03,6.2
2025-02-09 12:04:03,6.1
2025-02-09 12:09:03,6.2
2025-02-09 12:14:03,6.3
2025-02-09 12:19:03,6.3
2025-02-09 12:24:03,6.0
2025-02-09 12:29:03,6.0
2025-02-09 12:34:03,6.2
2025-02-09 12:39:04,6.0
2025-02-09 12:44:03,6.2
2025-02-09 12:49:03,6.3
2025-02-09 12:54:04,6.0
2025-02-09 12:59:03,6.0
2025-02-09 13:04:04,6.0
2025-02-09 13:09:03,5.9
2025-02-09 13:14:04,5.9
2025-02-09 13:19:03,6.0
2025-02-09 13:24:04,5.8
2025-02-09 13:29:04,5.9
2025-02-09 13:34:03,5.9
2025-02-09 13:39:04,5.8
2025-02-09 13:44:04,5.7
2025-02-09 13:49:04,5.7
2025-02-09 13:54:04,5.8
2025-02-09 13:59:04,6.0
2025-02-09 14:04:04,6.2
2025-02-09 14:09:03,6.3
2025-02-09 14:14:04,6.7
2025-02-09 14:19:04,6.9
2025-02-09 14:24:04,7.0
2025-02-09 14:29:04,7.0
2025-02-09 14:34:04,7.0
2025-02-09 14:39:04,7.2
2025-02-09 14:44:04,7.3
2025-02-09 14:49:03,7.2
2025-02-09 14:54:04,7.2
2025-02-09 14:59:03,7.3
2025-02-09 15:04:04,7.2
2025-02-09 15:09:04,6.9
2025-02-09 15:14:04,6.7
2025-02-09 15:19:04,6.5
2025-02-09 15:24:04,6.3
2025-02-09 15:29:04,5.8
2025-02-09 15:34:04,5.7
2025-02-09 15:39:04,5.8
2025-02-09 15:44:04,6.1
2025-02-09 15:49:04,6.2
2025-02-09 15:54:04,6.4
2025-02-09 15:59:04,6.6
2025-02-09 16:04:04,6.7
2025-02-09 16:09:04,6.7
2025-02-09 16:14:04,6.5
2025-02-09 16:19:04,6.5
2025-02-09 16:24:04,6.4
2025-02-09 16:29:04,6.3
2025-02-09 16:34:04,6.3
2025-02-09 16:39:04,6.3
2025-02-09 16:44:04,6.1
2025-02-09 16:49:05,6.0
2025-02-09 16:54:04,5.9
2025-02-09 16:59:04,6.0
2025-02-09 17:04:04,6.0
2025-02-09 17:09:04,6.0
2025-02-09 17:14:04,6.2
2025-02-09 17:19:04,6.4
2025-02-09 17:24:04,6.5
2025-02-09 17:29:04,6.7
2025-02-09 17:34:05,6.8
2025-02-09 17:39:04,7.0
2025-02-09 17:44:04,7.1
2025-02-09 17:49:04,7.2
2025-02-09 17:54:04,6.5
2025-02-09 17:59:05,6.2
2025-02-09 18:04:04,6.2
2025-02-09 18:09:04,6.1
2025-02-09 18:14:05,6.4
2025-02-09 18:19:04,7.0
2025-02-09 18:24:04,7.4
2025-02-09 18:29:04,7.4
2025-02-09 18:34:04,7.5
2025-02-09 18:39:04,7.7
2025-02-09 18:44:04,7.8
2025-02-09 18:49:05,7.3
2025-02-09 18:54:05,6.4
2025-02-09 18:59:04,6.1
2025-02-09 19:04:04,5.9
2025-02-09 19:09:04,5.7
2025-02-09 19:14:04,5.4
2025-02-09 19:19:04,5.3
2025-02-09 19:24:04,5.3
2025-02-09 19:29:05,5.5
2025-02-09 19:34:05,5.8
2025-02-09 19:39:04,5.8
2025-02-09 19:44:04,6.0
2025-02-09 19:49:04,6.7
2025-02-09 19:54:04,7.0
2025-02-09 19:59:05,7.3
2025-02-09 20:04:04,7.7
2025-02-09 20:09:05,7.9
2025-02-09 20:14:05,7.9
2025-02-09 20:19:04,7.9
2025-02-09 20:24:04,7.2
2025-02-09 20:29:04,6.5
2025-02-09 20:34:04,5.9
2025-02-09 20:39:05,5.7
2025-02-09 20:44:05,5.4
2025-02-09 20:49:05,5.6
2025-02-09 20:54:05,5.7
2025-02-09 20:59:05,6.0
2025-02-09 21:04:04,6.3
2025-02-09 21:09:05,6.7
2025-02-09 21:14:04,7.0
2025-02-09 21:19:04,7.4
2025-02-09 21:24:04,7.5
2025-02-09 21:29:05,7.3
2025-02-09 21:34:05,7.3
2025-02-09 21:39:05,7.2
2025-02-09 21:44:05,7.1
2025-02-09 21:49:05,6.5
2025-02-09 21:54:04,6.1
2025-02-09 21:59:05,5.9
2025-02-09 22:04:04,5.7
2025-02-09 22:09:05,5.8
2025-02-09 22:14:05,5.9
2025-02-09 22:19:04,6.0
2025-02-09 22:24:05,6.0
2025-02-09 22:29:04,6.2
2025-02-09 22:34:05,6.2
2025-02-09 22:39:05,6.5
2025-02-09 22:44:05,6.5
2025-02-09 22:49:05,6.4
2025-02-09 22:54:05,6.4
2025-02-09 22:59:05,6.5
2025-02-09 23:04:05,6.5
2025-02-09 23:09:05,6.6
2025-02-09 23:14:05,6.7
2025-02-09 23:19:05,6.8
2025-02-09 23:24:05,6.8
2025-02-09 23:29:05,6.9
2025-02-09 23:34:05,7.0
2025-02-09 23:39:04,7.1
2025-02-09 23:44:05,7.0
2025-02-09 23:49:05,7.1
2025-02-09 23:54:05,7.2
2025-02-09 23:59:05,7.2
2025-02-10 00:04:05,7.1
2025-02-10 00:09:05,6.9
2025-02-10 00:14:05,6.9
2025-02-10 00:19:06,6.9
2025-02-10 00:24:05,7.0
2025-02-10 00:29:05,7.0
2025-02-10 00:34:05,7.0
2025-02-10 00:39:05,7.0
2025-02-10 00:44:05,7.0
2025-02-10 00:49:05,7.0
2025-02-10 00:54:05,7.0
2025-02-10 00:59:05,6.9
2025-02-10 01:04:05,6.8
2025-02-10 01:09:06,6.6
2025-02-10 01:14:05,6.7
2025-02-10 01:19:05,6.8
2025-02-10 01:24:05,6.5
2025-02-10 01:29:05,6.8
2025-02-10 01:34:05,6.9
2025-02-10 01:39:05,6.9
2025-02-10 01:44:05,6.9
2025-02-10 01:49:06,7.0
2025-02-10 01:54:06,7.0
2025-02-10 01:59:06,7.0
2025-02-10 02:04:05,7.0
2025-02-10 02:09:06,7.0
2025-02-10 02:14:06,7.0
2025-02-10 02:19:06,6.9
2025-02-10 02:24:06,7.0
2025-02-10 02:29:05,6.9
2025-02-10 02:34:06,6.9
2025-02-10 02:39:05,6.8
2025-02-10 02:44:05,6.9
2025-02-10 02:49:05,7.0
2025-02-10 02:54:06,6.9
2025-02-10 02:59:06,6.9
2025-02-10 03:04:06,7.0
2025-02-10 03:09:05,7.0
2025-02-10 03:14:05,6.9
2025-02-10 03:19:06,6.9
2025-02-10 03:24:05,6.9
2025-02-10 03:29:06,6.9
2025-02-10 03:34:05,6.9
2025-02-10 03:39:06,6.8
2025-02-10 03:44:05,6.6
2025-02-10 03:49:06,6.6
2025-02-10 03:54:05,6.8
2025-02-10 03:59:06,6.7
2025-02-10 04:04:06,6.5
2025-02-10 04:09:06,6.8
2025-02-10 04:14:05,6.8
2025-02-10 04:19:06,6.7
2025-02-10 04:24:06,6.8
2025-02-10 04:29:06,6.8
2025-02-10 04:34:06,6.8
2025-02-10 04:39:06,6.8
2025-02-10 04:44:06,6.8
2025-02-10 04:49:06,6.8
2025-02-10 04:54:05,6.9
2025-02-10 04:59:06,6.7
2025-02-10 05:04:05,6.8
2025-02-10 05:09:06,6.7
2025-02-10 05:14:05,6.6
2025-02-10 05:19:06,6.6
2025-02-10 05:24:06,6.7
2025-02-10 05:29:06,6.6
2025-02-10 05:34:06,6.6
2025-02-10 05:39:06,6.7
2025-02-10 05:44:06,7.0
2025-02-10 05:49:06,6.8
2025-02-10 05:54:06,6.4
2025-02-10 05:59:05,6.4
2025-02-10 06:04:06,6.5
2025-02-10 06:09:06,6.5
2025-02-10 06:14:05,6.7
2025-02-10 06:19:06,6.7
2025-02-10 06:24:06,6.7
2025-02-10 06:29:06,6.8
2025-02-10 06:34:06,6.9
2025-02-10 06:39:06,6.8
2025-02-10 06:44:06,6.8
2025-02-10 06:49:06,7.0
2025-02-10 06:54:06,6.9
2025-02-10 06:59:06,7.1
2025-02-10 07:04:06,7.2
2025-02-10 07:09:06,7.3
2025-02-10 07:14:06,7.8
2025-02-10 07:19:05,7.5
2025-02-10 07:24:07,6.8
2025-02-10 07:29:06,7.0
2025-02-10 07:34:06,7.2
2025-02-10 07:39:06,7.2
2025-02-10 07:44:06,7.3
2025-02-10 07:49:06,6.9
2025-02-10 07:54:06,6.9
2025-02-10 07:59:06,7.2
2025-02-10 08:04:06,7.0
2025-02-10 08:09:06,7.2
2025-02-10 08:14:06,7.2
2025-02-10 08:19:06,7.2
2025-02-10 08:24:06,7.2
2025-02-10 08:29:06,7.1
2025-02-10 08:34:06,6.9
2025-02-10 08:39:06,6.5
2025-02-10 08:44:06,6.2
2025-02-10 08:49:06,6.4
2025-02-10 08:54:07,7.0
2025-02-10 08:59:06,6.9
2025-02-10 09:04:06,6.5
2025-02-10 09:09:06,7.3
2025-02-10 09:14:06,7.3
2025-02-10 09:19:06,7.2
2025-02-10 09:24:07,7.2
2025-02-10 09:29:06,7.1
2025-02-10 09:34:06,7.0
2025-02-10 09:39:07,6.9
2025-02-10 09:44:06,6.9
2025-02-10 09:49:06,6.8
2025-02-10 09:54:07,6.9
2025-02-10 09:59:06,6.9
2025-02-10 10:04:07,6.9
2025-02-10 10:09:07,6.9
2025-02-10 10:14:06,6.9
2025-02-10 10:19:07,6.9
2025-02-10 10:24:07,6.9
2025-02-10 10:29:07,6.9
2025-02-10 10:34:07,6.8
2025-02-10 10:39:07,6.8
2025-02-10 10:44:06,6.7
2025-02-10 10:49:06,6.6
2025-02-10 10:54:07,6.5
2025-02-10 10:59:06,6.4
2025-02-10 11:04:07,6.3
2025-02-10 11:09:06,6.4
2025-02-10 11:14:07,6.4
2025-02-10 11:19:06,6.4
2025-02-10 11:24:07,6.4
2025-02-10 11:29:06,6.3
2025-02-10 11:34:07,6.3
2025-02-10 11:39:07,6.3
2025-02-10 11:44:07,6.2
2025-02-10 11:49:06,6.3
2025-02-10 11:54:06,6.2
2025-02-10 11:59:06,6.3
2025-02-10 12:04:07,6.2
2025-02-10 12:09:06,5.8
2025-02-10 12:14:07,5.3
2025-02-10 12:19:06,5.7
2025-02-10 12:24:07,5.8
2025-02-10 12:29:07,5.7
2025-02-10 12:34:06,6.4
2025-02-10 12:39:07,6.5
2025-02-10 12:44:07,6.4
2025-02-10 12:49:07,6.3
2025-02-10 12:54:06,6.2
2025-02-10 12:59:07,6.1
2025-02-10 13:04:07,6.1
2025-02-10 13:09:06,6.0
2025-02-10 13:14:07,5.9
2025-02-10 13:19:07,5.9
2025-02-10 13:24:07,5.9
2025-02-10 13:29:07,6.0
2025-02-10 13:34:07,5.9
2025-02-10 13:39:06,5.8
2025-02-10 13:44:07,5.8
2025-02-10 13:49:06,5.8
2025-02-10 13:54:07,6.0
2025-02-10 13:59:07,6.2
2025-02-10 14:04:07,6.2
2025-02-10 14:09:07,6.2
2025-02-10 14:14:07,6.2
2025-02-10 14:19:07,6.2
2025-02-10 14:24:07,6.2
2025-02-10 14:29:07,6.3
2025-02-10 14:34:07,6.2
2025-02-10 14:39:07,6.2
2025-02-10 14:44:06,6.2
2025-02-10 14:49:07,6.2
2025-02-10 14:54:07,6.3
2025-02-10 14:59:07,6.3
2025-02-10 15:04:07,6.3
2025-02-10 15:09:07,6.3
2025-02-10 15:14:07,6.3
2025-02-10 15:19:07,6.1
2025-02-10 15:24:07,5.4
2025-02-10 15:29:07,5.1
2025-02-10 15:34:07,5.5
2025-02-10 15:39:07,5.9
2025-02-10 15:44:07,6.1
2025-02-10 15:49:07,6.2
2025-02-10 15:54:07,6.3
2025-02-10 15:59:07,6.3
2025-02-10 16:04:08,6.3
2025-02-10 16:09:08,6.2
2025-02-10 16:14:07,6.0
2025-02-10 16:19:07,5.9
2025-02-10 16:24:08,5.5
2025-02-10 16:29:08,5.4
2025-02-10 16:34:07,5.9
2025-02-10 16:39:07,6.0
2025-02-10 16:44:07,6.0
2025-02-10 16:49:07,6.1
2025-02-10 16:54:07,6.0
2025-02-10 16:59:07,6.0
2025-02-10 17:04:07,5.5
2025-02-10 17:09:07,5.5
2025-02-10 17:14:07,5.6
2025-02-10 17:19:07,5.7
2025-02-10 17:24:08,6.2
2025-02-10 17:29:07,6.4
2025-02-10 17:34:07,6.3
2025-02-10 17:39:07,6.2
2025-02-10 17:44:07,5.9
2025-02-10 17:49:08,5.8
2025-02-10 17:54:07,6.2
2025-02-10 17:59:07,6.5
2025-02-10 18:04:07,6.5
2025-02-10 18:09:07,6.3
2025-02-10 18:14:07,6.0
2025-02-10 18:19:08,5.9
2025-02-10 18:24:07,6.0
2025-02-10 18:29:07,6.0
2025-02-10 18:34:08,6.0
2025-02-10 18:39:07,6.0
2025-02-10 18:44:08,6.5
2025-02-10 18:49:08,6.9
2025-02-10 18:54:07,7.0
2025-02-10 18:59:08,6.7
2025-02-10 19:04:07,6.7
2025-02-10 19:09:07,6.5
2025-02-10 19:14:07,6.4
2025-02-10 19:19:07,6.4
2025-02-10 19:24:07,6.6
2025-02-10 19:29:08,6.7
2025-02-10 19:34:07,7.3
2025-02-10 19:39:07,7.4
2025-02-10 19:44:07,7.9
2025-02-10 19:49:08,7.5
2025-02-10 19:54:08,7.5
2025-02-10 19:59:08,7.5
2025-02-10 20:04:08,7.5
2025-02-10 20:09:07,7.7
2025-02-10 20:14:07,7.8
2025-02-10 20:19:07,7.6
2025-02-10 20:24:08,7.5
2025-02-10 20:29:08,7.0
2025-02-10 20:34:08,6.9
2025-02-10 20:39:07,6.9
2025-02-10 20:44:08,6.8
2025-02-10 20:49:07,6.7
